stationID,stationLng,stationLat,label
1,120.75603,27.97014,5
2,120.63866,28.00506,3
3,120.5877,28.03927,12
4,120.61963,27.98663,6
5,120.67115,28.05615,2
6,120.68056,28.0635,2
7,120.641,28.0131,3
8,120.56917,27.91704,11
9,120.6501,27.99378,3
10,120.66211,28.0235,3
11,120.72251,27.99544,1
12,120.81027,27.8751,7
13,120.61133,28.02484,8
14,120.66541,28.02496,3
15,120.63227,27.97664,6
16,120.62205,28.07646,10
17,120.67718,27.97886,4
18,120.70562,28.00286,1
19,120.66958,27.98443,0
22,120.82208,27.921557,7
23,120.667466,28.015057,3
25,120.667973,27.976204,4
26,120.66023,27.91714,15
27,120.71444,28.00949,1
29,120.671,27.9926,0
30,120.64358,28.01174,3
31,120.63235,28.02343,3
32,120.77439,28.02917,14
35,120.57281,28.06905,10
36,120.70688,27.99005,1
37,120.66789,27.97486,4
38,120.69828,28.003979,1
39,120.62483,28.10718,10
40,120.65677,27.85902,15
41,120.61208,27.95746,11
42,120.65569,28.0014,3
43,120.644174,28.023236,3
44,120.633894,28.008228,3
45,120.658462,28.019513,3
46,120.61056,28.04917,2
47,120.75967,27.97433,5
48,120.67661,28.01947,3
49,120.58411,28.02104,12
50,120.78925,27.86632,7
51,120.595277,28.010833,8
52,120.80145,27.93816,7
53,120.64222,27.98833,6
54,120.620672,28.018598,9
55,120.66563,27.85781,15
56,120.75639,28.06889,16
57,120.61511,28.00954,9
58,120.74181,27.97969,5
59,120.80278,27.90238,7
60,120.80392,27.89629,7
61,120.67408,28.00969,3
62,120.70493,27.92028,13
63,120.61139,28.01488,8
64,120.65434,28.01276,3
65,120.631402,28.02326,2
66,120.6088,28.0485,2
67,120.637958,28.007478,3
68,120.61708,28.02467,8
69,120.609474,28.055285,2
71,120.67932,28.01392,3
72,120.59704,27.97367,6
73,120.63314,28.01003,3
74,120.65852,28.00263,3
75,120.59105,28.03269,12
76,120.71034,27.99619,1
77,120.64853,28.00743,3
78,120.674444,27.969361,4
79,120.696181,27.921889,13
80,120.62756,28.01143,9
81,120.699031,28.003179,1
82,120.68048,27.99276,0
83,120.71542,28.0073,1
84,120.68913,28.01988,1
85,120.753206,27.958296,5
86,120.65181,28.01563,3
87,120.6877,27.92144,13
88,120.66334,28.02363,3
89,120.65703,28.0164,3
90,120.78179,27.96939,7
91,120.74149,27.97831,5
92,120.65947,28.02774,2
93,120.66753,27.95117,4
94,120.68241,28.00246,0
95,120.804451,27.871381,7
96,120.68191,27.96572,4
97,120.6698,28.02629,3
98,120.644374,27.996306,3
99,120.65321,28.04406,2
100,120.82567,27.91637,7
102,120.579219,27.868881,17
103,120.6582,28.01732,3
104,120.601,28.0211,8
105,120.56436,27.9972,6
106,120.54774,27.9806,6
107,120.61584,28.06205,10
108,120.5774,27.98228,6
109,120.59087,28.03316,12
110,120.69151,28.00086,0
111,120.65155,27.95612,4
112,120.61007,28.01472,8
113,120.63736,28.01211,3
115,120.83188,27.94565,7
116,120.80995,28.06043,14
117,120.592702,28.026108,8
118,120.633096,27.985061,6
119,120.703061,27.994472,1
120,120.607999,28.0183,8
123,120.58851,28.08948,10
124,120.62341,27.99261,6
125,120.62584,27.98925,6
126,120.696342,28.014957,1
127,120.68866,27.9207,13
128,120.64971,28.0248,2
129,120.703,28.0053,1
130,120.65562,27.90369,15
131,120.555876,28.09088,10
132,120.66619,27.85697,15
133,120.69621,27.9535,13
134,120.728443,27.989953,1
135,120.622,27.9974,9
136,120.65091,28.01434,3
137,120.68783,28.09455,16
138,120.69476,28.04427,1
140,120.58589,28.076,10
141,120.617241,28.00949,9
142,120.60483,28.07201,10
143,120.65895,28.04546,2
145,120.652283,28.044045,2
146,120.69204,27.92415,13
147,120.60085,28.01625,8
148,120.8205,27.87141,7
149,120.65935,28.01646,3
150,120.5556,27.8537,17
151,120.673429,27.897721,15
152,120.82389,27.91139,7
153,120.63748,28.00858,3
154,120.56566,27.9473,11
155,120.82456,27.90066,7
156,120.749599,27.965975,5
157,120.677226,27.980814,0
158,120.654566,28.0276,2
159,120.66804,27.94833,4
160,120.71467,27.97864,1
161,120.656111,28.043888,2
162,120.647761,28.014918,3
163,120.708492,28.0157,1
164,120.65969,27.95724,4
165,120.64232,28.01117,3
166,120.83867,27.93672,7
167,120.7928,27.94045,7
168,120.63386,27.88708,15
169,120.6053,28.01257,8
170,120.70636,27.92087,13
171,120.63977,28.00072,3
172,120.62069,28.0428,2
173,120.70387,27.92548,13
174,120.64323,28.04894,2
175,120.80704,27.91609,7
176,120.6105,28.02521,8
178,120.65108,28.01444,3
179,120.69689,27.92748,13
180,120.659948,28.011953,3
181,120.69185,27.97517,4
182,120.61656,28.01939,8
183,120.650046,27.995578,3
184,120.66038,28.02537,2
185,120.59653,28.021498,8
186,120.81802,27.8721,7
187,120.57877,27.99929,6
188,120.63103,27.97988,6
189,120.69007,27.98396,0
191,120.68116,27.96628,4
192,120.666557,28.002732,3
193,120.78452,28.02809,14
194,120.67726,28.0005,0
195,120.62863,28.041109,2
196,120.653,28.04336,2
197,120.67266,27.99572,0
198,120.679324,27.99428,0
200,120.70203,28.00223,1
201,120.625,28.0203,9
202,120.65515,28.0087,3
203,120.80926,27.87118,7
204,120.62566,27.99015,6
205,120.68917,27.9885,0
206,120.81513,27.87965,7
207,120.65225,27.99871,3
208,120.7226,28.00568,1
209,120.61381,28.01202,8
211,120.58988,28.01211,12
212,120.7872,27.95491,7
213,120.63564,28.01009,3
214,120.625528,28.01125,9
215,120.69124,27.92415,13
216,120.697185,27.998761,1
217,120.59444,28.01578,8
218,120.69166,27.92452,13
219,120.70731,27.92298,13
220,120.58543,27.9974,6
221,120.71768,28.00742,1
222,120.662653,28.009453,3
223,120.55053,27.87287,17
224,120.66976,28.01492,3
225,120.71354,28.01417,1
226,120.6444,27.918611,15
227,120.63083,28.05333,2
228,120.644121,28.024509,3
229,120.80706,27.93122,7
230,120.600096,27.956312,11
231,120.7078,27.995464,1
232,120.59592,28.0199,8
233,120.70635,27.9299,13
234,120.62547,28.01828,9
235,120.65984,28.00874,3
236,120.69379,27.99675,0
237,120.592786,28.023421,8
238,120.706695,27.985024,1
239,120.7934,28.03887,14
240,120.58125,28.02561,12
241,120.66221,28.01127,3
243,120.647161,28.000291,3
244,120.69711,28.08021,16
245,120.6639,27.9517,4
246,120.66596,27.95634,4
247,120.70544,28.04031,1
248,120.702032,28.002229,1
249,120.84188,27.91719,7
250,120.656448,28.014565,3
251,120.8324,27.90975,7
252,120.73534,27.9874,5
253,120.6874,27.9787,0
254,120.596926,28.023933,8
255,120.79786,27.91211,7
257,120.602335,28.076984,10
258,120.608952,27.986706,6
259,120.66531,28.05022,2
260,120.58163,27.970062,6
261,120.67431,27.99005,0
262,120.6532,27.998528,3
263,120.628893,27.988147,6
264,120.66232,28.01535,3
267,120.80251,27.87206,7
268,120.662539,28.002086,3
269,120.80604,27.96807,7
270,120.68649,28.01764,1
271,120.567095,27.956794,11
272,120.635725,28.007544,3
273,120.64691,28.02613,2
274,120.81508,27.93493,7
275,120.75114,27.92044,5
276,120.72704,27.98206,1
277,120.631945,28.000512,6
278,120.69882,28.00309,1
279,120.73383,27.98465,5
280,120.58958,28.07993,10
281,120.77876,27.94397,7
282,120.68132,27.99564,0
283,120.744,27.98338,5
284,120.69437,27.92764,13
285,120.80936,27.90175,7
286,120.67565,28.02291,3
287,120.630326,27.986822,6
288,120.7048,27.92329,13
289,120.672178,27.986896,0
290,120.65943,28.01162,3
291,120.659016,28.023257,3
292,120.65898,28.02857,2
293,120.635142,28.02476,3
295,120.57606,28.02333,12
296,120.81461,27.93013,7
297,120.80675,27.92911,7
298,120.70164,27.92054,13
299,120.725833,27.968888,5
300,120.75992,27.9685,5
301,120.5882,27.93112,11
302,120.70277,27.9241,13
303,120.64947,28.01193,3
304,120.70667,27.9225,13
305,120.618079,28.008511,9
306,120.67802,27.93177,13
307,120.65876,28.01573,3
308,120.58698,28.07118,10
309,120.59516,27.95804,11
310,120.65834,28.01428,3
312,120.67456,27.97483,4
313,120.63408,27.900456,15
314,120.74458,27.97965,5
315,120.54804,28.09085,10
316,120.67291,27.85765,15
317,120.655,28.01994,3
318,120.64743,27.97271,4
319,120.66539,27.93831,4
320,120.616401,28.007536,9
321,120.76821,27.941,5
322,120.695,27.994,0
323,120.70905,28.00586,1
324,120.70684,27.98847,1
325,120.811222,27.867766,7
326,120.71557,28.0003,1
327,120.64367,28.02432,3
328,120.65781,28.05929,2
329,120.6556,27.86838,15
330,120.688,27.8779,15
331,120.62042,28.03958,2
332,120.68731,28.00341,0
333,120.71887,28.00769,1
334,120.62474,27.984462,6
335,120.66784,27.93483,4
336,120.699788,27.999046,1
337,120.68205,28.00383,0
338,120.738888,27.978332,5
339,120.675534,28.022694,3
340,120.68514,27.99961,0
341,120.64468,27.98975,6
343,120.62365,28.03943,2
344,120.62687,27.99981,3
345,120.788686,27.885116,7
346,120.66058,28.01218,3
347,120.71681,27.98785,1
348,120.6897,28.07753,16
349,120.70288,27.92317,13
351,120.69043,27.98417,0
352,120.694015,28.007743,1
353,120.60876,28.04744,2
354,120.80841,28.09795,14
355,120.82313,27.92887,7
356,120.84172,28.03768,14
357,120.57447,28.03643,12
358,120.74135,27.96854,5
359,120.6614,28.0113,3
360,120.80128,27.93627,7
361,120.79908,27.95277,7
362,120.60605,28.01738,8
364,120.5833,28.01704,12
365,120.65734,27.98328,4
366,120.658121,28.026431,2
367,120.60381,27.99233,6
368,120.69666,28.0175,1
369,120.83323,27.9277,7
370,120.65292,27.95455,4
371,120.80753,27.93031,7
372,120.68028,27.99629,0
373,120.55599,28.09339,10
374,120.64497,28.09473,10
375,120.68107,28.00026,0
376,120.66759,27.94798,4
377,120.606461,28.011319,8
378,120.79525,27.96458,7
379,120.82092,27.87831,7
380,120.68299,27.92086,13
381,120.67111,27.99445,0
382,120.6623,28.01967,3
383,120.58705,28.05006,12
384,120.63301,28.01405,9
385,120.72481,28.00125,1
386,120.67969,27.99487,0
387,120.58292,28.0246,12
388,120.710296,28.002723,1
389,120.62116,28.01058,9
390,120.65665,28.00489,3
391,120.64301,28.02273,3
392,120.80723,27.90266,7
394,120.593311,28.029211,8
395,120.675467,27.856355,15
396,120.65996,27.85425,15
397,120.56366,27.98278,6
398,120.65986,28.01337,3
399,120.67908,28.02201,3
400,120.658,28.03874,2
401,120.719787,27.994305,1
402,120.66205,28.01188,3
403,120.71034,27.98093,1
404,120.72422,28.00043,1
405,120.680662,27.989232,0
406,120.77895,27.89033,7
407,120.58226,28.026727,12
408,120.6339,28.05042,2
409,120.75661,27.95855,5
410,120.82795,27.95123,7
411,120.70809,27.99841,1
412,120.67813,27.91108,13
413,120.647586,28.00904,3
414,120.59686,27.96162,11
415,120.65219,28.01975,3
416,120.718867,28.007694,1
417,120.59707,27.95978,11
418,120.705277,27.925833,13
419,120.82665,27.92169,7
420,120.715049,28.019477,1
421,120.8268,27.91626,7
422,120.70299,28.00525,1
423,120.822852,27.962446,7
424,120.669507,28.025412,3
426,120.641498,28.025933,2
427,120.669146,28.005808,3
428,120.64799,28.02544,2
429,120.65288,28.02382,2
430,120.69558,28.00437,1
431,120.6803,28.00412,0
432,120.67929,28.00074,0
433,120.662,28.0276,2
434,120.62056,28.07246,10
435,120.69777,28.00035,1
436,120.66769,28.01004,3
437,120.666286,27.98847,0
438,120.62364,28.03933,2
439,120.64816,28.02332,3
440,120.64716,28.00029,3
441,120.549944,28.102055,10
442,120.83163,27.92124,7
443,120.64688,28.01674,3
444,120.8418,28.04329,14
445,120.68119,27.99681,0
446,120.61459,27.98581,6
447,120.7118,27.99055,1
448,120.599644,28.024644,8
449,120.70133,27.93173,13
450,120.57156,27.96474,6
451,120.634722,28.023056,3
452,120.62114,28.01066,9
453,120.643318,28.023866,3
454,120.66708,27.98,4
455,120.713162,27.992983,1
456,120.5735,28.04137,12
457,120.70462,28.01851,1
458,120.64507,27.87682,15
460,120.710262,27.996057,1
461,120.81737,27.8974,7
462,120.70312,27.92121,13
463,120.57609,28.02702,12
464,120.64111,27.9659,6
465,120.70852,27.9928,1
466,120.6404,27.993,6
467,120.68848,28.012398,1
468,120.59155,28.02464,8
469,120.67892,28.00657,0
470,120.646811,28.024081,3
472,120.65961,28.02401,3
473,120.78177,27.94738,7
474,120.633224,28.043365,2
475,120.62389,27.98226,6
476,120.70229,27.92198,13
477,120.731284,27.994763,1
478,120.68318,27.99693,0
479,120.63091,27.89857,15
480,120.61333,28.00513,9
481,120.59212,28.00644,8
482,120.74776,27.97359,5
483,120.68332,28.015482,3
484,120.66279,27.99334,0
485,120.66081,28.013032,3
486,120.74612,27.97508,5
487,120.67428,27.98776,0
488,120.71924,28.01171,1
489,120.67799,27.99167,0
490,120.6298,28.00307,3
491,120.661141,28.014866,3
492,120.71419,27.99261,1
494,120.80445,27.93506,7
495,120.830533,27.994253,14
496,120.628333,27.993833,6
497,120.70763,27.99143,1
498,120.663767,27.985475,0
499,120.62726,28.04339,2
500,120.7112,27.99978,1
501,120.686025,28.004176,0
502,120.651576,27.975415,4
503,120.58152,27.89463,17
504,120.81463,28.05578,14
505,120.64542,28.0045,3
506,120.65678,27.8557,15
507,120.7051,27.98393,0
508,120.65572,28.04337,2
509,120.68025,28.01374,3
510,120.60077,28.04567,12
511,120.66076,28.02464,3
512,120.66311,27.96138,4
513,120.682999,27.921152,13
515,120.62801,27.96781,6
517,120.69767,27.99235,0
518,120.666909,28.025347,3
519,120.63892,27.98972,6
520,120.79251,27.88953,7
521,120.66739,27.99979,3
522,120.60011,27.95536,11
523,120.60428,28.01991,8
524,120.7382,27.98139,5
525,120.70713,27.92276,13
526,120.682807,27.985748,0
527,120.765282,28.027803,1
528,120.628219,27.987113,6
529,120.68077,28.01174,3
530,120.691201,28.001624,0
531,120.71952,27.991394,1
532,120.730631,27.972365,5
533,120.66759,27.97788,4
534,120.66978,27.93767,4
535,120.79906,27.96456,7
536,120.714666,27.978638,1
537,120.69582,27.91572,13
538,120.7908,28.03625,14
539,120.65303,28.01516,3
540,120.66772,27.9981,3
541,120.60948,27.96193,11
542,120.70268,28.00788,1
543,120.70011,27.92843,13
544,120.58709,28.05007,12
545,120.65937,27.96676,4
546,120.68433,27.92076,13
547,120.67877,27.98521,0
548,120.66766,28.02569,3
549,120.7286,28.00025,1
550,120.72365,28.0076,1
551,120.79032,27.86131,7
552,120.74141,27.96536,5
553,120.66,27.999,3
554,120.80151,28.02289,14
555,120.61084,27.97023,6
556,120.62903,27.99014,6
558,120.708842,27.992633,1
559,120.664025,27.858601,15
560,120.703784,28.016323,1
561,120.641626,28.02374,3
562,120.70333,27.92439,13
563,120.65442,28.03956,2
564,120.648792,28.026517,2
565,120.66454,28.00841,3
566,120.68531,28.0085,0
567,120.70491,27.92073,13
568,120.701917,28.017992,1
569,120.635923,28.006636,3
570,120.5703,28.0722,10
571,120.65872,28.00238,3
572,120.56614,27.99271,6
573,120.672952,28.014374,3
574,120.71241,27.93368,13
575,120.66776,27.98117,0
576,120.63138,28.02002,3
577,120.838836,28.018317,14
578,120.68358,27.91219,13
579,120.65477,27.99223,4
580,120.6552,28.02797,2
581,120.77134,27.93237,5
582,120.81319,27.86958,7
583,120.644214,28.023258,3
584,120.62841,27.99383,6
585,120.70215,28.00115,1
587,120.54988,27.99992,6
588,120.68291,27.98547,0
589,120.664223,28.013126,3
590,120.68406,27.98463,0
591,120.716163,28.008214,1
592,120.58581,28.07596,10
593,120.83739,27.91758,7
594,120.67357,27.99348,0
595,120.67808,28.01681,3
596,120.6784,27.93874,13
597,120.755771,27.970046,5
598,120.660277,27.993055,0
599,120.72684,27.97321,5
600,120.64776,28.00892,3
601,120.83255,27.91157,7
602,120.65224,27.95585,4
603,120.62661,27.97164,6
604,120.594444,28.015777,8
605,120.57913,28.0258,12
606,120.6409,28.004829,3
607,120.649228,28.024021,2
608,120.69233,27.99367,0
609,120.62016,28.02096,8
610,120.69771,28.00376,1
611,120.820794,27.867358,7
612,120.678,27.9917,0
613,120.659,27.999,3
614,120.65063,28.0124,3
615,120.67677,27.99109,0
616,120.6816,27.98866,0
617,120.594287,28.013371,8
618,120.59436,28.03155,12
619,120.65921,28.01319,3
620,120.65651,27.99255,4
621,120.61075,27.98848,6
622,120.718744,27.991878,1
623,120.68649,27.94373,13
624,120.66394,28.01854,3
625,120.675503,28.008366,3
627,120.66193,28.0494,2
628,120.82878,27.92742,7
629,120.676028,28.0608,2
630,120.699,28.0017,1
631,120.56357,27.98274,6
633,120.70392,27.98491,0
634,120.60873,28.02449,8
635,120.66062,27.91455,15
636,120.70958,27.98612,1
637,120.68916,28.01522,1
638,120.62159,27.99736,6
639,120.82636,27.86661,7
640,120.65806,28.01677,3
642,120.757662,27.942723,5
643,120.65147,28.04355,2
644,120.65944,28.01278,3
645,120.646666,28.026111,2
646,120.67872,28.02101,3
647,120.63133,27.9749,6
648,120.69413,27.92779,13
649,120.645555,27.981943,4
650,120.729412,27.980495,5
651,120.60146,28.05562,2
652,120.80236,27.88623,7
653,120.56603,28.03924,12
654,120.662222,28.009166,3
655,120.71918,28.03962,1
656,120.59217,27.96161,11
657,120.706921,27.878795,15
658,120.79364,28.01872,14
659,120.58452,27.98025,6
660,120.66801,27.99791,3
661,120.6999,28.00053,1
662,120.643553,28.011023,3
663,120.66377,27.97693,4
664,120.67216,27.99313,0
665,120.675,27.9992,0
666,120.58467,28.07352,10
667,120.732437,27.986198,5
668,120.60976,28.0105,8
669,120.63174,28.01255,9
670,120.60664,28.026927,8
671,120.681383,27.99588,0
672,120.59359,27.96719,6
673,120.60495,28.05464,2
674,120.58073,28.02488,12
675,120.6689,27.91318,13
676,120.683,27.92115,13
677,120.619569,28.040628,2
678,120.65654,28.04554,2
680,120.83505,27.95109,7
681,120.651759,27.916503,15
682,120.629,28.0412,2
683,120.654752,28.02385,2
684,120.62827,27.88258,15
685,120.56591,27.97822,6
686,120.57132,28.035763,12
687,120.696659,28.006318,1
688,120.68283,28.008405,0
689,120.705368,28.001145,1
690,120.68989,28.0021,0
691,120.58736,28.05782,2
692,120.6991,28.00622,1
693,120.73532,27.97736,5
694,120.686,28.015,1
695,120.586916,28.054694,2
696,120.569257,27.960958,11
697,120.70279,27.92414,13
698,120.60869,28.07126,10
699,120.661939,28.012774,3
700,120.61638,28.01302,9
701,120.69981,28.0027,1
702,120.72061,27.94104,5
703,120.59982,27.99417,6
704,120.643433,28.001326,3
705,120.63088,28.00227,3
706,120.65315,28.01787,3
707,120.84201,28.0008,14
708,120.7072,27.9343,13
709,120.73361,27.97153,5
710,120.680523,27.99012,0
712,120.677777,28.0225,3
713,120.55941,28.09089,10
714,120.65221,28.02373,2
715,120.65028,27.970689,4
717,120.71099,28.00547,1
718,120.72368,27.96911,5
719,120.665719,28.013227,3
720,120.74186,27.97976,5
721,120.576055,28.023333,12
722,120.82314,27.92889,7
723,120.6415,28.01311,3
724,120.64931,27.99279,3
725,120.65821,27.94479,4
726,120.64324,28.00074,3
727,120.69355,28.00933,1
728,120.65771,27.98895,4
729,120.60588,28.02336,8
730,120.69668,28.0101,1
731,120.71645,28.00847,1
732,120.648,28.016,3
733,120.69144,27.92387,13
734,120.60609,28.01097,8
735,120.637184,27.993371,6
736,120.67933,28.02026,3
737,120.70313,27.99999,1
738,120.81554,27.9652,7
739,120.8004,28.0287,14
740,120.622423,28.011421,9
741,120.65688,27.95095,4
742,120.641029,28.069541,2
743,120.713964,28.008176,1
744,120.66496,27.96358,4
745,120.65027,28.04541,2
746,120.66986,27.94545,4
747,120.66003,28.01175,3
748,120.711,27.9266,13
749,120.76993,27.9345,5
750,120.70707,28.00685,1
751,120.61195,28.02449,8
752,120.65697,27.9454,4
755,120.698,27.928,13
756,120.82388,27.90472,7
757,120.680477,27.986412,0
758,120.68153,27.99542,0
759,120.74249,27.97238,5
760,120.6755,28.00837,3
761,120.64175,28.02569,3
762,120.618869,28.012025,9
763,120.74248,27.97775,5
764,120.65381,28.00285,3
765,120.7334,27.9874,1
766,120.61292,28.00726,9
767,120.64044,28.03954,2
768,120.78107,28.04837,14
769,120.65879,27.97575,4
770,120.704296,27.921591,13
771,120.813099,28.080699,14
772,120.61117,28.05187,2
773,120.673557,27.989406,0
774,120.81707,27.88389,7
775,120.64478,27.9189,15
776,120.64959,27.86219,15
777,120.677262,28.0005,0
778,120.69556,27.97522,5
779,120.594038,28.03387,12
780,120.68043,28.01006,0
781,120.698667,28.000307,1
783,120.64582,28.00282,3
784,120.63671,28.020289,3
785,120.66067,28.010162,3
786,120.642463,28.065163,2
788,120.64709,28.01601,3
789,120.63948,27.99022,6
790,120.66517,27.95053,4
792,120.576351,28.040732,12
793,120.65736,28.10014,10
794,120.57402,27.96834,6
795,120.66065,27.91839,15
796,120.70189,28.00145,1
797,120.74409,27.97373,5
798,120.696951,28.013245,1
799,120.81563,27.93368,7
801,120.66951,27.87582,15
802,120.67802,28.01624,3
803,120.65114,28.02715,2
804,120.642857,28.012923,3
806,120.68186,27.953754,4
807,120.7075,27.994444,1
809,120.6349,28.00594,3
810,120.629277,27.99652,6
811,120.69672,27.92878,13
812,120.6551,28.01375,3
813,120.607999,28.01833,8
814,120.61145,28.06065,2
815,120.579329,28.022225,12
816,120.645436,28.000546,3
817,120.58085,28.02382,12
818,120.64401,27.94749,4
819,120.79806,27.91736,7
820,120.70721,28.00789,1
821,120.66481,28.01598,3
822,120.6218,27.98549,6
823,120.66043,27.9511,4
824,120.643807,28.002956,3
825,120.70701,27.98567,1
826,120.62567,28.04636,2
827,120.637748,27.989718,6
828,120.677789,27.96168,4
829,120.66712,28.10838,10
830,120.68921,27.97997,0
831,120.668,27.9762,4
832,120.68005,28.05231,2
833,120.7004,28.00262,1
834,120.70565,28.00288,1
835,120.68776,27.87789,15
836,120.60801,28.02242,8
837,120.648416,28.040151,2
838,120.65251,28.01758,3
839,120.77112,28.02525,1
841,120.63698,28.0171,3
842,120.81881,27.90945,7
843,120.8304,28.0398,14
844,120.67287,28.00813,3
845,120.57549,28.06506,10
846,120.74869,28.00453,1
847,120.8131,28.0807,14
848,120.70274,28.00742,1
849,120.65165,28.01215,3
850,120.67498,27.99186,0
851,120.55038,28.07279,10
852,120.650393,28.013741,3
853,120.67808,28.01679,3
855,120.678622,28.001906,0
856,120.72043,28.0052,1
857,120.80777,27.93632,7
858,120.676,27.985,0
859,120.68203,27.95386,4
860,120.64309,28.03044,2
861,120.65352,27.97392,4
862,120.651156,28.023996,2
863,120.81612,27.91319,7
864,120.56891,28.03948,12
865,120.604,28.0464,2
866,120.73972,27.97155,5
867,120.66461,28.02368,3
868,120.66871,28.01279,3
869,120.77547,27.94864,7
870,120.78113,27.99111,5
871,120.64607,28.02285,3
872,120.64882,27.98477,4
874,120.64767,28.04411,2
875,120.68452,27.92099,13
876,120.63892,28.01851,3
877,120.69967,28.00179,1
878,120.697765,28.000355,1
879,120.59305,28.03093,12
881,120.813527,27.894444,7
882,120.7025,27.921388,13
883,120.73064,27.99238,1
885,120.74305,27.96805,5
886,120.70451,27.92484,13
887,120.680372,27.996181,0
888,120.66749,28.01812,3
889,120.64104,28.01038,3
890,120.70681,27.92123,13
891,120.7815,27.85508,7
893,120.66254,28.00209,3
895,120.73858,28.03688,1
896,120.62121,27.93874,4
897,120.68114,27.98785,0
899,120.57424,28.06049,10
900,120.76393,28.00452,1
901,120.77885,27.86601,7
902,120.57017,27.99381,6
904,120.686436,28.006121,0
905,120.80506,27.86954,7
906,120.69386,28.01211,1
907,120.72674,27.9842,1
908,120.733406,27.971495,5
909,120.64877,27.95992,4
910,120.75638,28.06883,14
911,120.73461,27.96141,5
912,120.72334,27.98324,1
913,120.65885,28.01042,3
914,120.80284,27.93088,7
915,120.671965,28.024778,3
916,120.65692,28.01381,3
917,120.57527,28.06499,10
918,120.64233,28.0129,3
919,120.66789,28.01517,3
920,120.6091,27.94553,11
921,120.63688,27.9931,6
922,120.75478,27.97842,5
923,120.62576,28.06101,2
924,120.63972,28.03883,2
925,120.66603,28.00554,3
926,120.654222,27.949664,4
927,120.72085,27.99224,1
928,120.708,27.99601,1
929,120.60226,28.02505,8
931,120.7458,27.96517,5
932,120.654166,28.009722,3
935,120.68111,27.97987,0
936,120.63334,28.02145,3
937,120.83533,27.94444,7
938,120.7083,28.00753,1
939,120.6275,28.011111,9
940,120.71024,28.00288,1
941,120.71338,27.99057,1
942,120.794656,28.021266,14
943,120.71502,27.98369,1
944,120.68096,27.99887,0
945,120.78748,27.87922,7
946,120.60038,27.94117,11
947,120.65644,27.98614,4
948,120.63389,28.00702,3
949,120.582178,28.042263,12
950,120.61263,27.98069,6
951,120.83189,27.90882,7
952,120.76145,27.97169,5
953,120.63642,28.00115,3
954,120.672196,28.018214,3
955,120.65311,28.04133,2
956,120.65547,27.97159,4
957,120.696911,27.998991,1
958,120.58116,28.04944,12
959,120.657413,28.009115,3
960,120.650433,28.021679,3
961,120.58223,28.06451,10
962,120.631666,28.017111,9
963,120.76147,27.93043,5
964,120.64764,28.065834,2
965,120.83021,27.92175,7
966,120.823666,27.918388,7
968,120.69109,27.92497,13
969,120.69833,27.92722,13
970,120.674961,28.014998,3
971,120.80111,27.92205,7
972,120.68317,27.94366,4
973,120.70193,27.93169,13
974,120.72067,27.999273,1
975,120.67029,28.00397,3
976,120.648285,28.044851,2
977,120.68164,27.99364,0
978,120.668055,27.975277,4
979,120.59331,28.02921,12
980,120.67088,27.99716,0
981,120.67037,27.89495,15
982,120.79789,27.87452,7
983,120.64991,27.97699,4
984,120.710532,28.002192,1
985,120.69186,27.92393,13
986,120.587363,28.077531,10
987,120.66415,28.00626,3
989,120.667981,27.987092,0
990,120.657778,28.096389,10
991,120.65732,28.02726,2
992,120.66124,28.02084,3
994,120.65352,28.01318,3
995,120.574,27.941,11
996,120.62551,28.04161,2
997,120.67769,28.00958,0
998,120.651111,28.023888,2
999,120.64875,27.95989,4
1002,120.5765,28.04392,12
1003,120.82983,28.01839,14
1004,120.61397,28.04879,2
1005,120.65332,28.00628,3
1006,120.56692,27.99467,6
1007,120.68672,27.96558,4
1008,120.60705,28.06212,2
1009,120.785869,28.029342,14
1010,120.65427,28.01127,3
1011,120.63372,28.01687,9
1012,120.56894,28.04376,12
1013,120.701,28.00165,1
1014,120.61522,28.0197,8
1015,120.61239,28.02245,8
1016,120.623105,27.983866,6
1017,120.65414,28.00901,3
1018,120.66577,28.01725,3
1019,120.81686,27.89391,7
1020,120.70357,28.00029,1
1021,120.62461,27.96668,6
1022,120.7173,27.99539,1
1023,120.661963,28.046787,2
1024,120.6089,27.989558,6
1025,120.69598,27.992,0
1026,120.677436,27.981479,4
1027,120.58605,28.08394,10
1028,120.6749,28.01278,3
1029,120.67896,27.99905,0
1030,120.66131,28.02341,3
1031,120.589166,28.036972,12
1032,120.61469,28.06432,10
1033,120.626328,28.007951,9
1034,120.65985,28.027685,2
1035,120.60263,27.95025,11
1036,120.70335,27.92406,13
1037,120.70471,27.9231,13
1038,120.63813,27.9897,6
1039,120.66314,28.02432,3
1040,120.72163,28.00744,1
1041,120.82147,27.909,7
1043,120.815739,27.937334,7
1044,120.6352,28.02116,3
1045,120.656,28.0167,3
1046,120.677031,27.984567,0
1047,120.69418,28.00475,1
1048,120.646661,28.043215,2
1049,120.66242,28.00814,3
1050,120.671208,27.976339,4
1051,120.60963,28.04252,2
1052,120.72843,27.97486,5
1053,120.7167,27.99068,1
1054,120.641648,27.99918,3
1055,120.79688,27.89321,7
1056,120.673055,28.015277,3
1057,120.67718,28.00859,3
1058,120.63044,28.04752,2
1059,120.68277,27.99556,0
1060,120.549502,27.976777,6
1061,120.70545,27.92415,13
1062,120.74169,28.07018,16
1064,120.70173,27.97678,5
1065,120.701388,27.9775,0
1066,120.66678,28.01902,3
1067,120.684207,27.974212,4
1068,120.69334,28.04759,1
1070,120.7589,27.97374,5
1071,120.69488,27.92798,13
1072,120.65524,28.00679,3
1073,120.59308,28.03098,12
1074,120.655064,28.014943,3
1075,120.67853,28.00112,0
1076,120.82892,28.03881,14
1077,120.65051,27.99632,3
1078,120.621944,28.015777,9
1079,120.71764,28.00471,1
1080,120.7039,27.92057,13
1081,120.659738,27.997963,3
1082,120.655528,28.016688,3
1083,120.7066,27.99432,1
1084,120.5847,28.09096,10
1085,120.6129,28.0257,8
1086,120.662923,27.960187,4
1087,120.66726,28.02274,3
1088,120.650607,28.016654,3
1089,120.57818,28.02804,12
1090,120.56111,27.92639,11
1091,120.64544,28.00055,3
1092,120.66042,27.96187,4
1093,120.58055,28.03228,12
1094,120.59962,28.01845,8
1095,120.70282,27.92474,13
1096,120.62882,28.02999,2
1098,120.62333,28.0475,2
1099,120.79581,27.92578,7
1100,120.61911,28.00741,9
1101,120.778256,28.008865,14
1102,120.64545,27.95246,4
1103,120.62826,27.97694,6
1104,120.67458,27.99923,0
1105,120.64843,28.00791,3
1106,120.59937,28.02311,8
1107,120.816344,27.917248,7
1108,120.69711,27.924685,13
1109,120.6766,27.97174,4
1110,120.69923,27.946867,13
1111,120.63963,28.02502,3
1112,120.62436,28.05274,2
1113,120.66916,28.02313,3
1114,120.67942,28.00026,0
1115,120.61672,28.01941,8
1116,120.70449,27.92366,13
1117,120.68861,28.02055,1
1118,120.83609,27.91208,7
1119,120.62353,27.98495,6
1120,120.744915,27.979201,5
1121,120.66148,27.993784,0
1122,120.80754,27.9304,7
1123,120.64757,27.96552,4
1124,120.82185,27.92529,7
1125,120.628236,27.987701,6
1126,120.79736,28.00232,5
1127,120.62972,28.01,9
1128,120.61455,28.04816,2
1129,120.8267,27.91593,7
1130,120.63423,28.02327,3
1132,120.6532,27.99853,3
1133,120.72453,27.97533,1
1134,120.63354,27.99644,6
1135,120.663339,28.023631,3
1136,120.66456,28.04624,2
1137,120.651388,28.043333,2
1138,120.58299,28.05708,2
1139,120.62822,27.988544,6
1140,120.57698,28.04193,12
1141,120.674452,27.933084,13
1142,120.65856,28.01146,3
1143,120.70458,27.92288,13
1144,120.62176,28.05671,2
1145,120.653538,28.024208,2
1146,120.678007,28.012679,3
1148,120.58511,28.0466,12
1149,120.67683,28.02051,3
1150,120.58854,28.00906,8
1151,120.58878,28.082463,10
1152,120.656985,28.013647,3
1153,120.68419,27.99825,0
1154,120.69173,27.92365,13
1155,120.82583,27.9164,7
1156,120.66077,28.01027,3
1157,120.55387,28.10471,10
1158,120.682459,28.008189,0
1159,120.59925,28.02791,8
1160,120.66252,28.01525,3
1161,120.626462,27.90218,15
1162,120.66415,28.01597,3
1163,120.68904,27.92297,13
1164,120.64705,28.04057,2
1165,120.67228,27.98951,0
1166,120.60138,27.95794,11
1167,120.64129,28.03274,2
1168,120.83383,27.92409,7
1169,120.6036,28.01606,8
1170,120.636389,28.023333,3
1171,120.814722,27.879722,7
1172,120.65442,28.00805,3
1173,120.65751,28.01246,3
1174,120.70303,27.92084,13
1175,120.65422,28.00978,3
1176,120.65265,28.01711,3
1177,120.69435,28.00586,1
1178,120.69531,27.99689,0
1179,120.66124,28.01715,3
1180,120.70138,27.97777,0
1182,120.68076,28.02301,3
1183,120.80051,28.10464,14
1184,120.645724,27.982012,4
1185,120.66252,28.01522,3
1186,120.64575,28.00302,3
1187,120.66311,27.96331,4
1188,120.795888,28.02612,14
1189,120.61485,28.04554,2
1190,120.596649,28.014501,8
1191,120.64535,27.95227,4
1193,120.614834,28.005085,9
1194,120.67705,27.9573,4
1195,120.709166,28.008888,1
1196,120.58984,28.08475,10
1197,120.81282,27.8679,7
1198,120.591,28.0332,12
1199,120.667542,28.009766,3
1201,120.655607,28.005325,3
1202,120.63482,28.01555,9
1203,120.57495,28.05676,10
1204,120.6125,27.94777,11
1205,120.69956,27.99429,0
1206,120.65553,27.95921,4
1207,120.67785,28.01158,0
1208,120.70461,28.006628,1
1209,120.72752,28.00032,1
1210,120.659334,28.016806,3
1211,120.69408,28.00477,1
1212,120.56689,27.99789,6
1213,120.69553,27.97513,4
1214,120.6019,28.02798,8
1215,120.60848,27.98702,6
1216,120.70622,27.91978,13
1217,120.64132,28.02385,3
1218,120.8198,27.91539,7
1219,120.68234,27.99598,0
1220,120.679146,28.000812,0
1221,120.604791,28.074942,10
1222,120.81692,27.90261,7
1223,120.741204,27.960593,5
1224,120.649869,28.025972,2
1225,120.82617,27.92421,7
1226,120.65256,28.01039,3
1227,120.80285,27.93314,7
1228,120.818568,27.873505,7
1229,120.65735,28.01112,3
1230,120.65689,28.02816,2
1231,120.669166,28.025,3
1232,120.651564,28.04357,2
1233,120.58353,28.01428,12
1234,120.58667,27.85546,17
1235,120.698888,28.002777,1
1236,120.63956,28.02581,2
1237,120.714934,27.888329,15
1238,120.65275,28.00439,3
1239,120.64996,27.87124,15
1240,120.604131,27.952149,11
1241,120.656976,28.01972,3
1242,120.61987,27.94889,11
1243,120.78289,27.86417,7
1244,120.67134,28.00503,3
1245,120.69722,27.92828,13
1246,120.628228,28.018796,9
1247,120.65212,28.00929,3
1248,120.703124,28.002061,1
1249,120.6479,28.00533,3
1250,120.63721,28.01482,3
1251,120.55286,27.97825,6
1252,120.706666,28.006666,1
1253,120.75321,28.08997,14
1254,120.68734,27.97964,0
1255,120.67055,27.9997,3
1256,120.65195,28.01222,3
1257,120.57877,27.97868,6
1258,120.654,28.011,3
1259,120.6494,28.00517,3
1260,120.83278,27.91444,7
1261,120.65509,28.00417,3
1262,120.66027,27.98453,4
1263,120.6738,28.02077,3
1264,120.653057,28.02498,2
1265,120.697052,28.002954,0
1267,120.657672,27.969489,4
1268,120.654415,28.039559,2
1269,120.62655,28.00799,9
1271,120.634779,28.047627,2
1272,120.73098,27.98589,5
1273,120.61544,28.02347,8
1274,120.621545,27.988034,6
1275,120.58443,28.1014,10
1276,120.58221,28.00066,6
1277,120.703132,28.001156,1
1278,120.78528,28.03156,14
1279,120.63473,27.89941,15
1280,120.664857,28.010617,3
1281,120.681959,27.986346,0
1282,120.66592,27.99298,0
1283,120.689101,27.992019,0
1284,120.71319,27.94439,5
1285,120.61641,28.04108,2
1286,120.65006,28.01117,3
1287,120.82074,27.8766,7
1288,120.69654,27.91607,13
1289,120.65314,28.0114,3
1290,120.691994,28.003203,1
1291,120.6664,28.0021,3
1292,120.65926,27.99212,4
1293,120.83414,27.93743,7
1294,120.58518,28.06952,10
1295,120.67133,27.87791,15
1296,120.79855,27.89897,7
1297,120.82114,27.87104,7
1298,120.636564,28.01943,3
1299,120.64868,28.01072,3
1301,120.62111,28.00843,9
1302,120.78369,27.96848,7
1303,120.67395,28.01437,3
1304,120.608294,27.989339,6
1305,120.81126,27.92668,7
1306,120.62833,27.99383,6
1307,120.805,28.0772,14
1308,120.68203,27.98404,0
1309,120.6882,28.0834,16
1310,120.62548,28.0436,2
1311,120.57449,27.98966,6
1312,120.581022,28.023857,12
1313,120.7809,27.86156,7
1314,120.658555,28.011456,3
1315,120.7061,27.91937,13
1316,120.71019,27.97332,5
1317,120.71498,27.995577,1
1318,120.71997,28.073,16
1319,120.65068,28.01152,3
1321,120.68954,27.99863,0
1322,120.69032,28.00798,1
1323,120.81238,27.85707,7
1324,120.808,28.0278,14
1325,120.63718,27.99337,6
1326,120.69646,28.0011,1
1327,120.663943,28.010416,3
1328,120.67265,27.99862,0
1329,120.65947,28.02655,2
1330,120.6725,27.988333,0
1331,120.61293,28.07361,10
1332,120.68519,28.01245,3
1333,120.679759,27.998832,0
1334,120.566,28.0392,12
1335,120.82563,27.92006,7
1336,120.613306,27.969089,6
1337,120.581,27.9422,11
1338,120.625239,28.056963,2
1339,120.63485,28.10607,10
1340,120.65338,27.99419,3
1341,120.70953,27.9986,1
1342,120.67627,28.00491,0
1343,120.6164,28.00754,9
1344,120.57389,28.06042,10
1345,120.61047,28.00711,9
1346,120.6977,28.00377,1
1347,120.65406,28.01058,3
1348,120.69408,27.92776,13
1349,120.64648,28.01544,3
1350,120.77395,28.09375,14
1351,120.63355,28.04387,2
1352,120.793611,27.878333,7
1353,120.617543,28.01018,9
1354,120.6318,28.01757,9
1355,120.611358,27.969249,6
1356,120.57793,28.03845,12
1357,120.60047,28.05143,2
1358,120.69685,27.99701,0
1359,120.68459,27.97581,4
1360,120.698744,27.993854,0
1361,120.67308,28.02032,3
1362,120.80917,27.89369,7
1363,120.79516,27.87025,7
1364,120.662053,27.986295,0
1365,120.727042,27.982061,1
1366,120.70916,27.90849,13
1367,120.714816,28.005911,1
1368,120.671061,27.88111,15
1369,120.6773,27.98473,0
1370,120.7074,28.00092,1
1371,120.80173,27.92806,7
1372,120.63606,28.00994,3
1373,120.66445,28.01793,3
1374,120.64987,28.01676,3
1375,120.800605,28.022718,14
1376,120.72451,27.99176,1
1377,120.60094,28.02627,8
1378,120.74401,27.9833,5
1380,120.68244,28.00675,0
1381,120.676499,28.008377,0
1382,120.66194,28.01277,3
1383,120.67885,28.01169,3
1384,120.644248,28.023261,3
1385,120.62762,28.05153,2
1386,120.68544,27.98557,0
1387,120.80688,28.0238,14
1388,120.64711,28.01822,3
1389,120.640315,28.003449,3
1390,120.659337,28.016044,3
1391,120.69939,27.95467,5
1392,120.76392,28.00462,5
1393,120.67287,27.88797,15
1394,120.672658,27.99572,0
1395,120.720456,27.998361,1
1396,120.65978,28.02755,2
1397,120.69828,28.00398,1
1398,120.60303,28.02438,8
1399,120.608733,28.024487,8
1400,120.60806,28.01833,8
1401,120.65209,28.01999,3
1402,120.681581,28.014576,3
1405,120.56347,28.10206,10
1406,120.67286,27.99845,0
1407,120.62717,27.97235,6
1408,120.7071,27.92298,13
1409,120.65306,28.02498,2
1410,120.63239,27.98002,6
1411,120.650632,28.0124,3
1412,120.70489,27.92129,13
1413,120.699285,27.995897,0
1414,120.70609,28.00204,1
1415,120.64201,28.01447,3
1416,120.64581,28.01137,3
1417,120.84175,28.04328,14
1419,120.62553,28.01125,9
1420,120.818555,27.930444,7
1421,120.6427,27.98936,6
1422,120.71172,28.00506,1
1423,120.64587,28.0149,3
1424,120.60101,28.02108,8
1426,120.65011,28.02601,2
1427,120.74983,27.98011,5
1428,120.62662,28.02259,2
1429,120.604277,28.019912,8
1430,120.72544,27.9498,5
1431,120.70786,27.9917,1
1432,120.62295,28.00892,9
1433,120.648057,28.015196,3
1434,120.679886,27.99786,0
1435,120.636789,28.046174,2
1436,120.710277,27.996111,1
1438,120.695302,28.014375,1
1439,120.719495,28.005515,1
1440,120.78661,27.92653,7
1441,120.65767,28.04381,2
1442,120.649455,28.021742,3
1443,120.67074,28.02212,3
1444,120.588125,28.019216,12
1445,120.7145,27.99263,1
1446,120.60519,27.98015,6
1447,120.6833,28.0035,0
1448,120.715,27.99567,1
1449,120.69364,28.01592,1
1450,120.690867,27.920605,13
1451,120.67157,28.06263,2
1452,120.64805,28.01491,3
1453,120.6366,27.99832,3
1454,120.7068,27.92271,13
1455,120.62757,28.03905,2
1456,120.76564,27.9905,5
1457,120.715,27.99566,1
1458,120.80906,28.023603,14
1459,120.739,27.97111,5
1460,120.632788,27.985304,6
1461,120.702342,28.008516,1
1462,120.64159,28.011021,3
1463,120.653999,28.014375,3
1464,120.63238,28.02237,3
1465,120.588938,28.090984,10
1466,120.62502,28.00064,3
1468,120.66078,28.02255,3
1469,120.7957,27.93568,7
1470,120.68006,27.97225,4
1472,120.69412,27.99188,0
1474,120.58545,28.02436,12
1475,120.677893,28.012065,0
1476,120.653999,28.010999,3
1477,120.671881,27.994742,0
1478,120.63639,28.02333,3
1479,120.59428,28.0131,8
1480,120.78881,27.96194,7
1481,120.6227,27.96111,6
1482,120.67042,28.02168,3
1483,120.71206,27.9897,1
1484,120.638141,28.024192,3
1485,120.57283,28.07932,10
1486,120.719639,28.008255,1
1487,120.55136,27.9731,6
1488,120.655715,28.043371,2
1489,120.67971,27.861,15
1490,120.69059,27.99315,0
1491,120.70434,28.0007,1
1492,120.63816,28.02508,2
1493,120.65,28.013333,3
1494,120.64759,28.04977,2
1495,120.62666,27.95745,6
1496,120.70127,27.97767,0
1497,120.587483,28.042251,12
1498,120.77976,28.02468,14
1499,120.69525,28.00636,1
1500,120.62061,28.05006,2
1501,120.61784,28.05557,2
1502,120.664871,27.991292,0
1503,120.5857,28.0363,12
1504,120.734892,27.987372,5
1505,120.70716,28.02211,1
1506,120.66168,28.02799,2
1507,120.706877,27.990045,1
1508,120.81099,27.87711,7
1509,120.82617,27.9249,7
1510,120.632426,28.023269,2
1511,120.73654,27.97302,5
1512,120.58748,28.04225,12
1514,120.650314,28.039838,2
1515,120.65781,28.01034,3
1516,120.6593,27.98422,4
1517,120.63573,28.00754,3
1519,120.75966,27.97433,5
1520,120.7033,27.92287,13
1521,120.66263,28.00551,3
1522,120.723357,27.987423,1
1523,120.72174,28.00705,1
1524,120.82542,27.91503,7
1525,120.57802,28.03821,12
1526,120.71605,27.98884,1
1527,120.6485,27.97296,4
1528,120.64575,28.01484,3
1529,120.54994,28.10206,10
1530,120.64917,27.86421,15
1532,120.832,27.9174,7
1533,120.56735,28.06943,10
1534,120.678534,28.017189,3
1535,120.63277,28.03768,2
1536,120.67851,27.985,0
1537,120.649686,28.011427,3
1538,120.661698,28.007138,3
1539,120.689815,27.856937,15
1541,120.6899,27.9252,13
1542,120.71331,27.99711,1
1543,120.79284,28.03307,14
1544,120.81569,27.94688,7
1545,120.71378,28.08567,16
1546,120.66431,28.014012,3
1547,120.5896,28.07752,10
1548,120.66161,28.01442,3
1549,120.70619,27.98966,1
1550,120.686722,28.090555,16
1551,120.69169,27.92018,13
1552,120.72204,28.00524,1
1554,120.62169,28.04552,2
1555,120.657967,28.043798,2
1556,120.71323,28.02193,1
1557,120.81193,27.90165,7
1558,120.66503,28.01502,3
1559,120.62505,28.04273,2
1560,120.588717,28.034241,12
1561,120.63925,28.00997,3
1562,120.57531,27.99767,6
1563,120.69661,27.92204,13
1564,120.62361,27.98944,6
1565,120.6251,28.03749,2
1567,120.63843,28.02383,3
1568,120.68048,27.98641,0
1569,120.678225,27.984146,4
1570,120.6401,27.91065,15
1571,120.75738,27.97334,5
1572,120.60664,28.02693,8
1573,120.715423,28.007298,1
1574,120.731705,27.980622,5
1575,120.6399,28.03973,2
1576,120.613192,27.970529,6
1577,120.58651,28.04175,12
1578,120.5853,27.97058,6
1579,120.69411,28.00642,1
1580,120.72623,27.97711,1
1581,120.81918,27.90633,7
1582,120.67444,27.96936,4
1583,120.61133,28.01294,8
1584,120.81396,27.89209,7
1585,120.649631,28.026555,2
1586,120.679255,27.993909,0
1587,120.64028,28.00917,3
1588,120.65588,28.00248,3
1589,120.75507,28.02956,1
1590,120.59436,28.02239,8
1591,120.70899,28.00528,1
1592,120.57033,28.04448,12
1593,120.64698,28.02516,2
1594,120.663632,28.013672,3
1595,120.63718,28.03104,2
1596,120.655901,28.027266,2
1598,120.631028,27.97988,6
1599,120.625696,27.955208,11
1600,120.70502,27.92162,13
1601,120.8414,27.94796,7
1602,120.70609,27.91457,13
1603,120.59556,27.94403,11
1604,120.602591,27.947711,11
1605,120.6398,28.01353,3
1606,120.67488,28.01492,3
1607,120.59932,27.95079,11
1608,120.65749,28.0453,2
1610,120.60567,28.05249,2
1611,120.59442,28.01456,8
1612,120.57017,27.9938,6
1613,120.69868,28.00291,1
1614,120.65948,28.02662,2
1615,120.64773,28.01037,3
1616,120.71462,28.002285,1
1617,120.66936,28.02176,3
1618,120.60049,28.00977,8
1619,120.683202,27.920381,13
1620,120.62194,28.01578,9
1621,120.633719,28.016871,9
1622,120.6875,28.00126,0
1623,120.71787,28.01771,1
1624,120.608414,27.971715,6
1625,120.81301,27.91671,7
1626,120.60169,28.01389,8
1627,120.654866,28.023583,2
1628,120.68572,28.01497,1
1630,120.7073,27.92275,13
1631,120.59773,28.00741,8
1632,120.70563,28.0016,1
1633,120.703398,27.921943,13
1634,120.57523,28.04413,12
1635,120.721011,27.999841,1
1636,120.612006,28.01099,9
1637,120.618907,28.007347,9
1638,120.67111,27.99258,0
1639,120.628211,27.988119,6
1641,120.706111,28.005555,1
1642,120.719972,28.073,16
1643,120.61279,27.98054,6
1644,120.72917,27.97549,5
1645,120.646978,28.025164,2
1646,120.63755,28.03083,2
1647,120.70447,27.92515,13
1648,120.65684,28.01215,3
1650,120.631375,28.020022,9
1651,120.74717,27.97707,5
1652,120.60917,28.01222,8
1653,120.65555,28.00714,3
1654,120.60131,28.02792,8
1655,120.70156,27.92826,13
1656,120.73736,27.94263,5
1657,120.62266,28.04146,2
1658,120.80646,27.90655,7
1659,120.65655,28.00263,3
1660,120.80988,27.91134,7
1661,120.573888,28.060416,10
1662,120.650001,27.993611,3
1663,120.68788,27.992659,0
1664,120.70309,27.92159,13
1665,120.715624,28.008214,1
1666,120.82835,27.90314,7
1667,120.61337,27.93583,6
1668,120.718151,28.014884,1
1669,120.65432,27.99656,3
1670,120.63732,28.00788,3
1671,120.63401,28.00231,3
1672,120.677358,27.996661,0
1673,120.64577,28.00217,3
1676,120.67119,27.99435,0
1677,120.70595,28.00307,1
1678,120.70595,27.99551,0
1679,120.70875,27.99338,1
1680,120.67139,27.96413,4
1681,120.718888,28.005277,1
1682,120.73665,27.96568,5
1683,120.67304,27.95708,4
1684,120.61592,27.98796,6
1685,120.5856,28.08692,10
1686,120.59733,27.9581,11
1687,120.65344,28.0134,3
1688,120.665796,27.983768,0
1689,120.64389,28.02095,3
1690,120.62823,28.0188,9
1691,120.66268,28.01519,3
1692,120.64565,28.0404,2
1693,120.66953,27.85534,15
1694,120.680763,28.023009,3
1695,120.5775,28.02937,12
1696,120.72121,28.00178,1
1697,120.81856,27.93044,7
1698,120.665556,27.95861,4
1699,120.67899,27.97659,4
1700,120.66068,28.01007,3
1701,120.68,27.99766,0
1702,120.570542,27.997171,6
1703,120.62027,28.0483,2
1704,120.56109,27.97611,6
1705,120.83609,27.90977,7
1706,120.70586,27.9208,13
1708,120.59717,28.02381,8
1709,120.76311,27.97034,5
1710,120.67011,27.99311,0
1711,120.64246,28.06516,2
1712,120.6779,28.01389,3
1713,120.62619,28.01567,9
1714,120.74344,27.98008,5
1715,120.83106,27.90618,7
1717,120.61713,27.99375,6
1718,120.717278,28.001831,1
1719,120.67568,28.01159,3
1720,120.70523,28.00064,1
1721,120.63656,28.01943,3
1722,120.7991,27.87744,7
1723,120.67295,28.01437,3
1724,120.70728,28.00258,1
1725,120.83646,27.9273,7
1726,120.643235,28.000738,3
1727,120.83617,27.91218,7
1728,120.66711,27.85412,15
1729,120.81738,27.855613,7
1730,120.66171,28.01103,3
1731,120.64463,28.00652,3
1732,120.600906,28.027103,8
1733,120.68542,28.0677,2
1736,120.6244,28.029592,2
1737,120.57291,28.03968,12
1738,120.57769,28.04081,12
1739,120.706576,27.983932,1
1740,120.83694,27.9275,7
1741,120.68057,27.98857,0
1742,120.6909,28.010383,1
1743,120.63357,28.02983,2
1744,120.581163,28.049438,12
1745,120.64159,28.011,3
1746,120.70984,27.99484,1
1747,120.735061,27.978667,5
1748,120.67043,27.99958,3
1749,120.57281,27.97581,6
1750,120.66821,28.00536,3
1751,120.72004,28.0794,16
1752,120.63393,28.0312,2
1753,120.65283,27.96526,4
1754,120.682988,27.920858,13
1755,120.696973,27.916499,13
1757,120.706111,28.006944,1
1758,120.68038,27.99447,0
1759,120.682668,28.018481,3
1760,120.64969,28.01143,3
1761,120.67952,27.99851,0
1762,120.668354,28.025331,3
1763,120.82161,27.92159,7
1764,120.60619,27.96875,6
1765,120.58597,27.9931,6
1766,120.617338,28.043254,2
1767,120.65482,27.97914,4
1768,120.82258,27.87577,7
1769,120.707177,27.998722,1
1770,120.64532,27.9963,3
1771,120.69275,27.99855,0
1772,120.60498,28.02618,8
1774,120.65242,27.99094,4
1775,120.817726,27.93336,7
1776,120.58511,28.04661,12
1777,120.69345,28.00536,1
1778,120.580733,28.024885,12
1779,120.65261,28.01179,3
1780,120.69979,27.99905,1
1782,120.700653,27.997236,1
1783,120.65206,27.96607,4
1784,120.65571,28.00685,3
1785,120.575415,28.043723,12
1786,120.80794,27.93645,7
1787,120.56294,27.90939,11
1788,120.65438,28.02779,2
1789,120.58816,28.09369,10
1790,120.67766,28.00243,0
1791,120.78313,27.86862,7
1792,120.627224,27.985149,6
1793,120.71482,28.00591,1
1794,120.67619,27.94302,4
1795,120.66674,28.05247,2
1796,120.63988,28.04071,2
1797,120.62096,27.98643,6
1798,120.63639,28.02324,3
1799,120.68409,27.99461,0
1800,120.722773,27.987621,1
1801,120.67269,27.99838,0
1802,120.61454,28.0172,8
1803,120.66512,28.01235,3
1804,120.61628,28.00502,9
1805,120.685696,27.970239,4
1806,120.759166,27.971111,5
1807,120.63282,28.040568,2
1808,120.69108,28.07252,16
1809,120.649797,28.011648,3
1810,120.767714,27.934862,5
1811,120.665197,27.89896,15
1812,120.64947,28.01671,3
1813,120.65723,28.01988,3
1814,120.671,27.88108,15
1815,120.68972,27.92444,13
1816,120.611,27.9845,6
1817,120.645646,28.040399,2
1818,120.71298,27.98955,1
1819,120.603355,27.996696,6
1820,120.70748,28.00416,1
1821,120.74803,27.98011,5
1822,120.695,28.014722,1
1823,120.578514,28.037123,12
1824,120.70332,27.9227,13
1825,120.65778,28.09639,16
1826,120.68994,27.92285,13
1827,120.702777,28.000083,1
1828,120.651201,28.039716,2
1829,120.79115,27.86907,7
1830,120.58118,28.0362,12
1831,120.675651,28.022909,3
1832,120.80824,28.08885,14
1833,120.662825,28.004724,3
1834,120.7999,27.87957,7
1835,120.65678,28.03927,2
1836,120.763684,28.005414,5
1837,120.63754,27.98603,6
1838,120.66046,27.992551,0
1839,120.75192,27.97706,5
1840,120.6541,27.9981,3
1841,120.605199,27.980151,6
1842,120.77817,28.02971,14
1843,120.680378,27.983923,0
1844,120.70294,27.92562,13
1845,120.72557,27.99406,1
1846,120.681519,28.010838,0
1847,120.6613,28.02474,3
1848,120.66747,27.96164,4
1849,120.81286,27.89831,7
1850,120.81173,27.86362,7
1851,120.702261,27.980051,0
1852,120.7497,27.96059,5
1853,120.63701,28.02098,3
1855,120.67631,27.98606,0
1856,120.58762,28.07457,10
1858,120.69364,27.92336,13
1859,120.80789,27.87212,7
1860,120.68651,27.97729,4
1861,120.54777,27.9779,6
1862,120.64928,28.01287,3
1863,120.69133,27.8606,15
1864,120.664669,28.019861,3
1865,120.73909,27.97506,5
1866,120.66503,28.01517,3
1867,120.6805,27.9905,0
1868,120.796853,28.019447,14
1869,120.63496,27.89644,15
1870,120.6574,27.99576,3
1871,120.65488,27.96874,4
1872,120.69922,27.92834,13
1873,120.66325,28.01486,3
1874,120.73466,27.98621,5
1875,120.66046,28.00338,3
1876,120.587915,27.954186,11
1877,120.695478,27.928215,13
1878,120.76819,27.97253,5
1879,120.680665,27.999526,0
1880,120.69862,28.00309,1
1881,120.59429,28.01337,8
1882,120.599012,27.956101,11
1883,120.57728,28.02719,12
1884,120.63702,28.01661,3
1885,120.61609,27.96887,6
1886,120.696678,28.010095,1
1887,120.61761,27.98792,6
1888,120.82105,27.89882,7
1889,120.65841,28.01442,3
1890,120.60625,28.01412,8
1891,120.65992,28.01081,3
1892,120.663333,28.01,3
1893,120.72848,27.97148,5
1894,120.621742,28.044511,2
1895,120.70307,27.96905,5
1896,120.57827,28.10296,10
1898,120.709784,27.988654,1
1899,120.60338,28.06248,2
1900,120.58485,28.06605,10
1901,120.56955,28.00515,6
1903,120.67905,27.92249,13
1904,120.68305,28.01361,1
1905,120.67392,27.86345,15
1906,120.76002,27.86612,7
1907,120.710985,28.005465,1
1908,120.60512,28.0141,8
1909,120.613808,28.012021,9
1910,120.669443,27.992221,0
1911,120.72673,27.97773,1
1912,120.64548,28.05972,2
1913,120.60418,28.02588,8
1914,120.609359,27.968664,6
1915,120.55602,28.04515,10
1916,120.627578,27.988443,6
1918,120.67801,28.01268,3
1919,120.634542,28.007676,3
1920,120.66847,27.97507,4
1921,120.627305,27.985876,6
1922,120.80096,27.85558,7
1923,120.64437,27.99631,3
1924,120.81517,27.86419,7
1926,120.67322,28.01239,3
1927,120.62785,28.04626,2
1928,120.67645,28.02228,3
1929,120.63921,27.91255,15
1930,120.68015,27.99704,0
1931,120.72256,28.00622,1
1932,120.65932,28.01062,3
1933,120.66116,27.9843,4
1934,120.62567,28.046363,2
1935,120.67499,27.97505,4
1936,120.657,28.0164,3
1937,120.71126,27.99978,1
1938,120.65141,28.01832,3
1939,120.68016,28.00197,0
1940,120.60725,28.05756,2
1942,120.74185,27.97292,5
1943,120.643,28.0048,3
1944,120.57378,27.97112,6
1945,120.826598,27.872196,7
1946,120.662524,28.015216,3
1947,120.67876,27.98803,0
1948,120.74971,27.96583,5
1949,120.646,28.02608,2
1950,120.71952,27.99139,1
1951,120.63996,28.04412,2
1952,120.64798,28.01814,3
1953,120.68159,28.01063,3
1954,120.641603,28.014636,3
1955,120.646,28.00278,3
1956,120.72066,27.96946,5
1958,120.65967,28.01842,3
1959,120.6594,28.02514,3
1960,120.67732,28.02089,3
1961,120.62329,27.98795,6
1962,120.7334,27.89658,13
1963,120.692298,28.050194,2
1964,120.666572,28.05262,2
1965,120.58007,27.94943,11
1966,120.58337,27.99619,6
1967,120.58833,28.0348,12
1968,120.560569,28.054156,10
1969,120.63895,28.00303,3
1970,120.788,27.87,7
1971,120.66177,28.0089,3
1972,120.680149,28.088679,16
1973,120.70721,27.99978,1
1974,120.81815,28.04339,14
1975,120.66015,27.99941,3
1976,120.80338,28.04558,14
1977,120.67522,27.99753,0
1978,120.65909,28.01665,3
1979,120.67052,28.00367,3
1980,120.667,27.9546,4
1981,120.61146,28.04382,2
1982,120.70899,27.98851,1
1983,120.80628,27.88689,7
1984,120.642004,28.039803,2
1985,120.78393,27.94404,7
1986,120.66378,28.00896,3
1987,120.633055,28.007234,3
1988,120.63879,28.01854,3
1989,120.81773,27.93336,7
1990,120.65999,28.02045,3
1991,120.67237,28.00104,3
1992,120.66093,28.00371,3
1993,120.79231,27.8714,7
1994,120.669665,27.992378,0
1995,120.5825,27.98625,6
1996,120.73585,27.96722,5
1997,120.68325,28.07481,16
1998,120.623164,27.987217,6
1999,120.70028,27.91395,13
2000,120.70628,27.92247,13
2001,120.69867,28.00031,1
2002,120.54798,28.08602,10
2003,120.67862,28.00191,0
2004,120.58692,28.05469,2
2005,120.6878,27.92325,13
2006,120.80061,28.02272,14
2007,120.77526,27.99715,5
2008,120.67066,27.94461,4
2009,120.647462,28.04976,2
2010,120.68104,27.99742,0
2011,120.63592,28.00664,3
2012,120.644412,28.02392,3
2013,120.6076,28.01344,8
2015,120.82147,28.0972,14
2016,120.70453,27.92264,13
2017,120.68909,27.97928,0
2018,120.82518,27.92674,7
2019,120.81353,28.03308,14
2020,120.79361,27.87833,7
2021,120.68424,27.92043,13
2022,120.64958,27.94096,4
2023,120.61373,27.97172,6
2024,120.64355,28.01102,3
2025,120.67308,28.01171,3
2026,120.670711,27.856261,15
2027,120.719213,28.005556,1
2028,120.80887,27.92122,7
2029,120.62359,28.0414,2
2030,120.633291,28.017229,3
2031,120.64407,28.024044,3
2032,120.676601,27.971743,4
2033,120.81824,27.9196,7
2034,120.644074,28.024044,3
2035,120.71878,27.98323,1
2036,120.68433,27.97268,4
2037,120.84047,27.9208,7
2038,120.650833,28.014166,3
2040,120.81572,27.92457,7
2041,120.819675,27.896075,7
2042,120.63642,28.00136,3
2043,120.64342,28.01244,3
2044,120.679,28.021,3
2046,120.81085,27.88702,7
2047,120.67228,27.8738,15
2048,120.58356,28.07875,10
2049,120.63167,28.01711,9
2050,120.71424,27.99268,1
2051,120.83871,27.91544,7
2052,120.69785,27.92832,13
2053,120.63016,28.01003,9
2054,120.658895,28.013423,3
2055,120.63142,28.02288,2
2056,120.685833,27.969999,4
2057,120.79611,27.86515,7
2058,120.65735,27.87238,15
2059,120.614505,27.987233,6
2060,120.70351,28.00115,1
2061,120.68338,27.98839,0
2062,120.81073,27.92961,7
2063,120.68568,27.90108,13
2064,120.804362,27.889525,7
2065,120.65902,28.03893,2
2066,120.69521,27.99912,1
2067,120.587166,28.028224,12
2068,120.706364,28.007198,1
2069,120.70407,27.92095,13
2070,120.6794,28.01513,3
2071,120.74276,27.97079,5
2072,120.77936,27.93734,7
2073,120.66619,28.01371,3
2074,120.709577,27.986124,1
2075,120.69195,27.94054,13
2076,120.57729,27.99335,6
2077,120.675,28.014722,3
2078,120.70678,27.92125,13
2079,120.64099,27.99015,3
2080,120.671107,27.994449,0
2081,120.803292,28.046257,14
2082,120.7025,28.0212,1
2083,120.60962,27.95887,11
2084,120.70613,28.00279,1
2085,120.58807,28.04973,12
2086,120.57585,28.03771,12
2087,120.66164,28.02363,3
2088,120.63366,28.00822,3
2089,120.651685,27.970224,4
2091,120.653289,28.024046,2
2092,120.63455,28.0195,3
2093,120.78585,28.02905,14
2094,120.60987,27.992,6
2096,120.61375,27.97745,6
2099,120.68506,27.99084,0
2100,120.82472,27.93118,7
2101,120.667591,27.977877,4
2103,120.59701,27.98211,6
2104,120.69092,27.92438,13
2105,120.67225,28.01341,3
2106,120.65515,28.00878,3
2107,120.70922,27.99097,1
2108,120.662051,27.986292,0
2109,120.65446,28.01345,3
2110,120.70403,27.92408,13
2111,120.79691,27.88503,7
2112,120.683522,27.996817,0
2113,120.67753,28.016667,3
2114,120.66035,27.94806,4
2115,120.797037,28.052577,14
2116,120.60197,28.04925,2
2117,120.6534,28.0167,3
2118,120.66244,27.99228,0
2119,120.74591,27.97513,5
2120,120.65388,28.00312,3
2121,120.675355,28.069062,2
2122,120.65426,28.01469,3
2123,120.67387,27.92383,13
2124,120.764,28.0048,1
2125,120.711717,28.005059,1
2127,120.6726,27.98869,0
2128,120.80901,27.8883,7
2129,120.64774,27.98951,4
2130,120.80871,27.85823,7
2131,120.65593,27.97509,4
2132,120.588971,28.043908,12
2133,120.683509,27.998701,0
2134,120.65833,27.96349,4
2135,120.63834,27.99127,6
2136,120.65481,28.01201,3
2137,120.65349,28.04852,2
2138,120.78795,27.87481,7
2139,120.70962,27.99468,1
2140,120.66821,28.01066,3
2141,120.636008,27.995992,6
2142,120.71242,27.98684,1
2143,120.55091,27.98338,6
2144,120.70577,27.92809,13
2145,120.73604,27.93258,13
2146,120.600469,28.051431,2
2147,120.72282,28.00191,1
2148,120.667542,28.009866,3
2149,120.69611,27.98472,0
2150,120.58895,27.99711,6
2151,120.61682,28.06452,10
2152,120.63532,28.02159,3
2153,120.68875,27.91643,13
2154,120.75293,27.96748,5
2155,120.59711,27.93749,11
2156,120.591434,28.02454,8
2157,120.69695,28.01324,1
2158,120.640439,28.039539,2
2159,120.69546,27.9283,13
2160,120.7548,27.9668,5
2161,120.574298,28.022133,12
2162,120.72046,27.99836,1
2163,120.64349,28.01064,3
2164,120.66582,28.01286,3
2167,120.65797,28.0438,2
2168,120.60445,28.02265,8
2169,120.698951,28.002851,1
2170,120.642741,28.00475,3
2171,120.83809,27.91955,7
2172,120.698812,28.001823,1
2173,120.74361,28.01765,1
2174,120.68599,28.00762,0
2175,120.585303,28.025465,12
2176,120.65338,27.95843,4
2177,120.575538,28.024786,12
2178,120.59162,28.02937,12
2179,120.593,28.0058,8
2180,120.65125,27.98333,4
2181,120.668359,27.895193,15
2182,120.61124,27.96515,6
2183,120.81353,27.89444,7
2184,120.638381,28.014525,3
2185,120.60263,27.97251,6
2186,120.7165,27.99188,1
2187,120.80958,27.89058,7
2188,120.62527,28.02031,9
2189,120.63141,28.01722,9
2190,120.67423,27.98235,4
2191,120.642908,28.022725,3
2192,120.56057,28.05416,10
2193,120.69276,28.02136,1
2194,120.81297,28.0261,14
2195,120.61641,28.04344,2
2196,120.6671,28.0176,3
2197,120.62163,28.04449,2
2198,120.622331,28.01139,9
2199,120.594413,28.026587,8
2200,120.65611,28.03746,2
2201,120.68161,27.99446,0
2202,120.68311,27.99802,0
2203,120.61871,28.04851,2
2205,120.68113,27.99766,0
2207,120.636418,27.890556,15
2208,120.656783,28.047396,2
2209,120.67106,27.96734,4
2210,120.62638,27.9824,6
2211,120.63455,27.90973,15
2212,120.67946,28.02264,3
2213,120.63304,28.0397,2
2214,120.68203,27.9598,4
2215,120.64503,28.01028,3
2216,120.65066,27.97228,4
2217,120.67071,27.97587,4
2218,120.67654,27.878176,15
2219,120.6382,27.88424,15
2220,120.65703,28.00312,3
2221,120.685874,28.021019,1
2222,120.8311,27.92255,7
2223,120.824735,27.922663,7
2224,120.67253,27.98445,0
2225,120.71371,28.01963,1
2226,120.82859,27.95539,7
2227,120.66578,27.98375,0
2228,120.5872,27.94986,11
2229,120.65649,27.99852,3
2230,120.67049,28.01549,3
2232,120.71016,27.99607,1
2233,120.81525,27.86543,7
2234,120.63331,27.8815,15
2235,120.632305,28.013323,9
2236,120.674,27.9946,0
2237,120.69797,27.92797,13
2238,120.68541,27.90081,15
2239,120.68192,28.00222,0
2241,120.72346,27.98751,1
2242,120.645,28.094722,10
2243,120.80808,27.94879,7
2244,120.71778,27.985555,1
2245,120.70208,28.08922,16
2246,120.61647,28.04353,2
2247,120.63358,28.04525,2
2248,120.69186,27.97512,4
2249,120.68626,27.997139,0
2250,120.6923,27.92446,13
2252,120.659,28.0135,3
2253,120.55189,28.0915,10
2254,120.816621,27.923401,7
2255,120.67972,27.99861,0
2256,120.636972,27.998412,3
2257,120.67284,28.01174,3
2258,120.65764,28.01658,3
2259,120.69636,28.00154,1
2260,120.62639,27.97853,6
2261,120.68557,27.97054,4
2262,120.628236,27.987407,6
2263,120.65848,28.00726,3
2264,120.64911,27.95241,4
2265,120.70931,27.99418,1
2266,120.64983,28.02675,2
2267,120.656944,28.013333,3
2268,120.56845,28.04196,12
2269,120.65452,28.0054,3
2270,120.78536,28.05695,14
2271,120.61281,28.01831,8
2272,120.69145,27.91974,13
2273,120.58611,27.88312,17
2274,120.81482,27.87983,7
2277,120.67188,27.99474,0
2278,120.65965,28.0258,2
2279,120.70501,27.98388,0
2280,120.64822,28.01549,3
2281,120.63625,28.00143,3
2282,120.69051,27.99125,0
2283,120.649446,28.012454,3
2284,120.67866,28.02084,3
2285,120.67777,28.0089,0
2286,120.84031,28.06047,14
2287,120.645773,28.002169,3
2288,120.713536,28.014173,1
2289,120.65309,28.01476,3
2290,120.5954,28.01109,8
2291,120.66485,28.01116,3
2292,120.58643,28.04572,12
2293,120.6981,27.9937,0
2294,120.65303,28.017358,3
2295,120.64119,27.99006,3
2296,120.62631,28.02836,2
2297,120.71116,27.92659,13
2298,120.68107,27.92952,13
2299,120.57293,28.00512,6
2300,120.72424,27.99832,1
2301,120.77582,27.97211,5
2302,120.70535,27.92002,13
2303,120.80227,27.90821,7
2304,120.63678,28.04617,2
2305,120.73922,27.98543,5
2306,120.7243,27.9696,5
2307,120.682574,27.957377,4
2309,120.81725,27.92657,7
2311,120.71436,27.98444,1
2312,120.70628,27.92006,13
2313,120.695258,28.010965,1
2314,120.81358,27.93059,7
2315,120.72128,27.9939,1
2316,120.60091,28.0271,8
2317,120.682468,27.996143,0
2318,120.647,28.0217,3
2319,120.60491,27.97631,6
2320,120.68527,27.96972,4
2321,120.69033,28.00217,0
2322,120.70661,27.99169,1
2323,120.6447,28.02463,2
2324,120.8266,27.8722,7
2325,120.69607,27.91782,13
2326,120.7509,27.97597,5
2328,120.81206,27.88837,7
2330,120.60336,27.9967,6
2331,120.67635,27.92645,13
2332,120.70401,27.92441,13
2333,120.66508,28.02407,3
2334,120.64216,27.98855,4
2335,120.66547,27.86624,15
2336,120.8036,27.87937,7
2337,120.717222,27.986111,1
2338,120.82248,27.91182,7
2339,120.678337,28.020822,3
2341,120.68066,27.98923,0
2342,120.74658,27.96902,5
2343,120.675409,27.866719,15
2344,120.64058,28.000843,3
2345,120.657267,28.009036,3
2346,120.630765,28.009052,9
2347,120.81602,27.91091,7
2348,120.60897,27.96985,6
2349,120.65761,28.01461,3
2350,120.669163,28.023129,3
2351,120.60432,27.95215,11
2352,120.618708,28.048507,2
2353,120.682079,27.973777,4
2354,120.689347,28.005487,0
2355,120.66672,28.02099,3
2356,120.7251,27.95672,5
2357,120.6689,27.92044,13
2359,120.70463,28.00191,1
2360,120.75072,27.97589,5
2361,120.76776,28.03623,1
2362,120.70412,27.92159,13
2363,120.73454,27.98627,5
2364,120.68304,27.97792,4
2365,120.59618,28.01894,8
2366,120.67677,27.97973,4
2367,120.718349,28.008302,1
2368,120.6532,27.86075,15
2369,120.68014,27.99489,0
2370,120.59178,28.08375,10
2371,120.57351,28.03981,12
2372,120.597166,28.023805,8
2373,120.65264,27.99672,3
2374,120.7985,27.93982,7
2375,120.70931,27.91276,13
2377,120.719,27.9934,1
2378,120.696286,28.013795,1
2379,120.6511,28.04982,2
2380,120.66347,27.87032,15
2381,120.66634,28.02682,3
2382,120.77649,28.02789,14
2383,120.67277,27.99134,0
2385,120.672205,27.998,0
2386,120.70996,28.01849,1
2387,120.57004,27.9665,6
2388,120.65315,28.01716,3
2389,120.63278,27.9764,6
2390,120.555538,28.018621,6
2391,120.80361,28.034242,14
2392,120.68835,28.00878,1
2393,120.63522,28.02026,3
2394,120.786,27.86351,7
2396,120.62173,28.03985,2
2397,120.64686,28.04343,2
2398,120.687804,27.923249,13
2399,120.598666,27.951096,11
2400,120.670694,28.005055,3
2402,120.606522,27.996821,6
2403,120.71749,28.005136,1
2404,120.71921,28.00556,1
2405,120.68551,27.96984,4
2406,120.63469,28.01983,3
2407,120.63194,28.06561,2
2408,120.75557,27.97638,5
2409,120.679136,28.001286,0
2410,120.79065,27.96621,7
2413,120.79137,27.85882,7
2414,120.75937,27.96391,5
2415,120.655,28.02,3
2416,120.550401,28.101941,10
2417,120.6611,28.01324,3
2418,120.67951,27.93672,13
2419,120.721813,27.980722,1
2420,120.61785,27.98362,6
2421,120.650131,28.014321,3
2422,120.82979,27.93079,7
2423,120.58316,27.97046,6
2424,120.67058,28.01008,3
2425,120.717516,28.001305,1
2426,120.647393,28.0241,3
2427,120.6772,28.0086,0
2428,120.6531,27.98819,4
2429,120.67051,28.005,3
2430,120.81628,27.96011,7
2431,120.633,28.0053,3
2432,120.59856,27.99839,6
2433,120.66394,28.02202,3
2434,120.70629,27.92215,13
2435,120.66956,27.99236,0
2437,120.657361,28.006626,3
2438,120.58623,28.04073,12
2439,120.57226,28.04261,12
2440,120.586455,28.043033,12
2441,120.72974,27.98416,5
2442,120.66235,28.01459,3
2444,120.67775,27.99277,0
2445,120.595201,27.992515,6
2446,120.66308,27.98763,0
2447,120.673448,27.907332,13
2448,120.64479,28.006623,3
2449,120.82073,27.8763,7
2450,120.63968,28.04901,2
2451,120.72171,28.01596,1
2452,120.66068,28.0105,3
2453,120.60417,28.04644,2
2454,120.56197,27.89775,11
2455,120.71218,28.002613,1
2456,120.670739,28.022125,3
2458,120.67149,27.85734,15
2459,120.648648,28.043254,2
2460,120.665431,28.021791,3
2461,120.66189,28.06159,2
2462,120.64822,27.93855,4
2463,120.59837,27.86522,17
2464,120.638055,28.023888,3
2465,120.64935,27.88796,15
2467,120.638246,28.025613,2
2468,120.632107,28.022717,3
2469,120.72917,28.00923,1
2471,120.66836,28.00877,3
2472,120.80734,27.86229,7
2473,120.620372,28.022523,8
2474,120.68226,28.00788,3
2475,120.701869,28.013766,1
2476,120.71136,27.99996,1
2477,120.74589,27.98208,5
2479,120.72822,27.95756,5
2480,120.701908,27.976345,5
2481,120.66766,27.97265,4
2482,120.65488,27.9536,4
2483,120.61196,28.02455,8
2484,120.5874,28.07449,10
2485,120.63845,27.99123,6
2486,120.66293,28.04854,2
2487,120.72583,27.96889,5
2488,120.80122,28.01749,14
2490,120.6674,27.88534,15
2491,120.68708,28.00859,0
2493,120.65303,28.01736,3
2494,120.678886,28.008598,0
2495,120.74525,28.0832,16
2496,120.76969,27.94412,5
2497,120.73494,27.92371,13
2498,120.80837,27.93632,7
2499,120.64573,28.01676,3
2500,120.77824,27.9127,7
2501,120.6623,28.02007,3
2502,120.59594,28.01993,8
2503,120.68689,28.02203,1
2504,120.55678,27.99595,6
2505,120.54847,27.94729,11
2506,120.63825,28.02561,3
2507,120.66642,28.02519,3
2508,120.66561,27.96724,4
2509,120.60442,28.02225,8
2510,120.66593,28.02204,3
2511,120.649988,28.015241,3
2512,120.67604,27.99935,0
2513,120.603702,28.060569,2
2514,120.67909,28.01474,3
2515,120.60201,28.06853,10
2516,120.73883,27.97841,5
2517,120.59052,28.08227,10
2518,120.62936,28.03042,2
2519,120.70087,27.99715,1
2520,120.69631,27.92895,13
2522,120.64076,28.01281,3
2523,120.62989,27.95223,11
2524,120.66224,27.95958,4
2526,120.679713,27.999585,0
2527,120.692285,28.018155,1
2528,120.653645,28.023744,2
2529,120.65937,27.99373,4
2530,120.66791,27.861446,15
2531,120.64416,27.99591,3
2532,120.78261,28.03232,14
2533,120.68503,27.98533,0
2534,120.628013,27.986553,6
2535,120.68309,28.01377,3
2536,120.6775,28.00726,0
2537,120.80462,27.92328,7
2538,120.77826,28.00886,14
2539,120.62724,27.97231,6
2540,120.694119,27.991878,0
2541,120.59987,27.99417,6
2542,120.61189,28.01903,8
2543,120.671401,27.978448,4
2544,120.64997,28.01046,3
2545,120.73082,27.977701,5
2546,120.647733,28.010372,3
2547,120.5896,28.077515,10
2548,120.70314,27.98874,1
2549,120.58255,27.98841,6
2550,120.61752,27.98622,6
2551,120.81296,28.0259,14
2552,120.64918,28.02662,2
2553,120.63515,28.01901,3
2554,120.680277,28.001666,0
2555,120.83605,28.04092,14
2556,120.7122,28.00322,1
2557,120.680824,28.014329,3
2558,120.69134,27.9247,13
2559,120.64986,28.01104,3
2560,120.80129,27.86448,7
2561,120.68023,28.00155,0
2562,120.68472,27.96972,4
2563,120.71718,28.00611,1
2564,120.70433,27.96169,5
2565,120.65974,27.99796,3
2567,120.656444,27.992138,4
2568,120.58582,28.04901,12
2569,120.669513,28.025414,3
2570,120.80334,27.8882,7
2571,120.8335,27.95427,7
2572,120.74015,27.9677,5
2573,120.627281,27.985516,6
2574,120.66013,27.99428,0
2575,120.59028,28.02926,12
2576,120.5999,28.02963,8
2577,120.70502,27.92101,13
2578,120.71874,27.99188,1
2579,120.57613,28.04541,12
2580,120.65454,28.00603,3
2581,120.648575,28.020019,3
2582,120.687353,27.992444,0
2583,120.71288,27.99181,1
2585,120.6081,27.98729,6
2586,120.81161,28.02241,14
2587,120.64343,28.025858,2
2588,120.5743,28.02213,12
2589,120.83038,28.02612,14
2591,120.69566,27.87292,15
2592,120.82423,27.93254,7
2593,120.66947,27.96314,4
2594,120.59066,28.08581,10
2596,120.68364,27.99589,0
2597,120.671015,27.993358,0
2599,120.66839,28.00304,3
2600,120.67445,27.93308,13
2602,120.586511,28.041463,12
2603,120.72556,27.97458,5
2604,120.6913,28.00339,1
2605,120.580737,28.024882,12
2606,120.80087,27.998592,5
2608,120.65059,28.03899,2
2609,120.59753,28.01418,8
2610,120.6342,28.0079,3
2611,120.677166,27.995832,0
2612,120.685041,27.97238,4
2613,120.696911,27.916821,13
2614,120.6293,28.01688,9
2615,120.82061,27.87142,7
2616,120.70197,28.018222,1
2617,120.65561,28.02136,3
2618,120.704,28.016323,1
2619,120.696225,27.992814,0
2620,120.667985,28.005401,3
2621,120.67777,28.01036,0
2622,120.64565,28.0547,2
2623,120.674329,27.989845,0
2624,120.71773,27.97603,1
2625,120.82864,27.89938,7
2626,120.695427,28.00254,0
2627,120.7953,28.01826,14
2628,120.67465,28.01511,3
2629,120.66739,28.024983,3
2630,120.673155,27.855366,15
2631,120.60229,28.01956,8
2632,120.71529,28.0072,1
2633,120.67531,27.98511,0
2634,120.71839,28.10609,16
2635,120.675617,28.008642,3
2636,120.6656,28.0105,3
2637,120.73128,27.99476,1
2638,120.75247,27.92052,5
2639,120.652321,28.000749,9
2640,120.57841,28.02725,12
2641,120.82807,28.00624,14
2642,120.64593,28.03965,2
2643,120.71722,27.98611,1
2644,120.784475,28.019199,14
2649,120.80804,27.88565,7
2650,120.675309,28.024386,3
2651,120.67335,28.0228,3
2652,120.781396,27.85522,7
2653,120.58917,28.03697,12
2655,120.673376,27.986872,0
2656,120.649708,28.024797,2
2657,120.64857,28.02002,3
2658,120.62652,28.023438,2
2659,120.81605,27.86472,7
2660,120.81638,27.9602,7
2661,120.589546,28.079828,10
2662,120.7017,27.9944,0
2663,120.72691,27.99627,1
2664,120.81024,27.93035,7
2665,120.634227,28.023273,3
2666,120.62863,28.04116,2
2667,120.73426,27.98624,5
2668,120.59549,27.94903,11
2669,120.60332,28.02459,8
2670,120.680295,28.004123,0
2671,120.694054,28.00505,1
2672,120.69523,28.02026,1
2673,120.74277,27.96916,5
2675,120.699,28.0028,1
2677,120.66996,27.99272,0
2678,120.823888,27.911388,7
2679,120.80753,27.96428,7
2680,120.66753,27.97782,4
2681,120.68807,28.07028,16
2682,120.64769,27.99605,3
2683,120.66709,27.9994,3
2684,120.54809,28.09082,10
2685,120.658237,28.008675,3
2686,120.683,28.0508,2
2687,120.70804,28.0443,1
2688,120.62428,28.04277,2
2689,120.69806,27.92812,13
2690,120.70643,28.00749,1
2691,120.83665,27.93204,7
2693,120.703236,27.989197,1
2694,120.70197,28.00118,1
2695,120.57308,28.04015,12
2696,120.70485,27.92345,13
2697,120.58877,28.02837,12
2698,120.681063,27.929541,13
2699,120.82481,27.92749,7
2701,120.6591,28.0144,3
2703,120.63464,27.99103,6
2705,120.646389,27.999704,3
2706,120.67252,28.05757,2
2707,120.62237,27.99147,6
2708,120.745833,27.975,5
2709,120.65929,27.96256,4
2710,120.658483,28.008051,3
2712,120.64891,28.01694,3
2713,120.82555,27.9236,7
2714,120.80518,27.8832,7
2715,120.66326,27.99435,0
2716,120.67879,28.00941,0
2717,120.656361,28.024111,3
2718,120.59481,27.94477,11
2719,120.678,27.9679,4
2720,120.684,27.97853,0
2721,120.70473,27.92299,13
2722,120.821,27.8763,7
2723,120.797741,27.856201,7
2724,120.657545,28.012221,3
2725,120.59077,28.08578,10
2726,120.80677,27.9296,7
2727,120.63874,28.009026,3
2729,120.63947,28.05359,2
2730,120.69643,27.92782,13
2731,120.615,28.045277,2
2732,120.64605,28.01146,3
2733,120.631948,28.019524,3
2734,120.63587,27.90428,15
2736,120.696683,28.008768,1
2737,120.659441,28.039023,2
2738,120.67291,27.98625,0
2739,120.775,27.9972,5
2740,120.648218,28.015485,3
2741,120.646853,28.047585,2
2742,120.67971,27.99959,0
2743,120.622963,28.049957,2
2744,120.654,28.0132,3
2745,120.62987,28.02921,2
2746,120.61579,28.03863,2
2747,120.572998,27.991808,6
2748,120.67604,27.98533,4
2749,120.65652,28.00945,3
2750,120.70115,28.00455,1
2751,120.66745,28.01002,3
2752,120.67876,28.02354,3
2754,120.66281,27.85922,15
2755,120.68067,27.99953,0
2756,120.68772,27.98645,0
2757,120.82421,27.95417,7
2758,120.67735,27.98519,0
2759,120.78929,27.96648,7
2760,120.555994,28.093393,10
2761,120.73911,27.98027,5
2762,120.67036,28.01919,3
2763,120.61801,28.06783,10
2764,120.567394,28.044142,12
2765,120.82573,27.99898,14
2766,120.606248,28.01412,8
2767,120.64916,28.00293,3
2768,120.70509,28.00063,1
2770,120.78527,27.85916,7
2771,120.72768,27.98254,5
2772,120.629271,27.979611,6
2773,120.59567,27.9589,11
2774,120.76438,27.96407,5
2775,120.80518,27.88321,7
2776,120.588,28.01919,12
2777,120.54848,27.97699,6
2778,120.64039,27.99859,3
2779,120.82629,27.9069,7
2780,120.7232,28.00116,1
2781,120.76804,28.04723,14
2783,120.80674,27.93198,7
2784,120.61542,28.05184,2
2785,120.70394,28.10399,16
2786,120.706387,28.00603,1
2787,120.6752,28.00461,0
2788,120.65546,27.96243,4
2789,120.79381,27.87222,7
2790,120.60679,27.99273,6
2791,120.58551,27.99739,6
2792,120.66759,28.02302,3
2793,120.73048,27.96841,5
2794,120.66602,28.01525,3
2795,120.8278,27.91981,7
2796,120.75195,27.97189,5
2797,120.629043,27.987898,6
2798,120.72659,27.96855,5
2800,120.6407,28.00927,3
2801,120.65545,28.01569,3
2802,120.72944,27.98055,5
2803,120.73351,27.96758,5
2804,120.68452,28.02126,1
2805,120.8262,27.92301,7
2806,120.686604,28.011028,1
2807,120.56778,28.04065,12
2808,120.55946,27.93617,11
2809,120.673347,28.022802,3
2810,120.74222,27.96861,5
2811,120.72062,28.00595,1
2812,120.64414,28.03998,2
2813,120.74326,27.96972,5
2814,120.695212,27.999117,0
2815,120.70452,28.00165,1
2816,120.63996,28.04411,2
2817,120.56368,27.98271,6
2818,120.58846,28.04104,12
2819,120.68281,27.98575,0
2820,120.74333,27.96861,5
2821,120.69684,27.99701,0
2822,120.73394,27.97743,5
2823,120.55856,27.94947,11
2824,120.70304,27.92444,13
2825,120.668383,28.021763,3
2826,120.81322,27.86957,7
2827,120.60001,28.05657,2
2828,120.67617,28.01051,0
2829,120.79589,28.02612,14
2830,120.6603,28.02312,3
2831,120.64658,28.04021,2
2832,120.80006,27.8881,7
2833,120.821,27.871,7
2834,120.59728,28.00969,8
2835,120.78597,27.94411,7
2836,120.646407,28.040311,2
2837,120.74066,27.9784,5
2838,120.677,27.97867,4
2839,120.661773,28.0089,3
2840,120.58656,28.04323,12
2841,120.70749,28.000286,1
2842,120.69743,27.98853,0
2843,120.6731,28.01538,3
2844,120.60572,28.0199,8
2845,120.5854,28.04787,12
2846,120.68266,28.00084,0
2847,120.588459,28.041041,12
2848,120.686131,27.965369,4
2849,120.57853,27.92064,11
2850,120.64,28.008888,3
2852,120.724,28.0076,1
2853,120.59211,27.97599,6
2854,120.82462,27.91056,7
2855,120.628986,27.986819,6
2856,120.69668,28.00877,1
2857,120.59534,28.09805,10
2858,120.698644,27.995808,1
2859,120.663111,27.963305,4
2860,120.62208,28.0702,10
2861,120.6142,28.00879,9
2862,120.62323,28.01436,9
2863,120.649,27.888,15
2864,120.76112,27.9665,5
2865,120.82127,27.90471,7
2866,120.67017,28.02605,3
2867,120.71478,27.971116,1
2868,120.69063,28.01828,1
2869,120.639291,28.025565,3
2870,120.660361,27.993073,0
2871,120.69408,27.92341,13
2872,120.652308,27.957813,4
2873,120.727524,28.000323,1
2874,120.756389,28.068889,14
2875,120.70347,27.92368,13
2876,120.66207,28.0074,3
2878,120.67892,28.01298,3
2879,120.644167,28.040077,2
2880,120.55625,28.06668,10
2881,120.714808,28.00606,1
2882,120.742755,27.970769,5
2883,120.572831,28.079318,10
2884,120.660411,28.010909,3
2885,120.71624,27.99535,1
2886,120.703179,27.937481,13
2887,120.57533,28.04609,12
2888,120.61286,28.05349,2
2889,120.72769,27.97509,1
2890,120.6348,28.02424,3
2891,120.83053,27.99425,14
2892,120.64792,27.87032,15
2893,120.64719,28.01724,3
2894,120.67004,28.01941,3
2896,120.69008,28.00594,1
2897,120.66008,28.01385,3
2899,120.65472,28.02802,2
2900,120.59964,28.02464,8
2901,120.7071,27.97339,5
2902,120.70621,27.92072,13
2903,120.68189,27.98648,0
2904,120.77797,27.95985,7
2905,120.57542,28.04372,12
2906,120.56796,28.08007,10
2908,120.6777,27.98585,0
2909,120.81613,27.86513,7
2910,120.638597,27.896919,15
2911,120.57826,28.0692,10
2912,120.65844,28.02671,2
2913,120.81459,27.92081,7
2914,120.64427,28.01922,3
2915,120.68157,27.98732,0
2916,120.80154,27.93792,7
2917,120.67889,27.98585,0
2918,120.643674,28.024315,3
2919,120.66047,28.01102,3
2920,120.58608,27.85731,17
2921,120.62812,28.04626,2
2922,120.708703,27.995029,1
2923,120.690547,27.942256,15
2924,120.69401,28.0079,1
2925,120.68294,28.00248,0
2926,120.61806,28.04361,2
2927,120.79958,28.02026,14
2928,120.68075,27.99271,0
2929,120.658442,28.026713,2
2930,120.71483,28.021655,1
2931,120.692752,27.998552,0
2932,120.643621,28.003843,3
2933,120.80323,27.93377,7
2934,120.69182,27.92333,13
2935,120.68004,28.00437,0
2936,120.65343,28.00577,3
2937,120.7324,27.97398,5
2938,120.59654,28.02158,8
2939,120.653141,28.011397,3
2940,120.69526,28.01097,1
2941,120.651721,28.015683,3
2942,120.64617,27.99994,3
2943,120.6698,28.02187,3
2944,120.722247,27.99929,1
2946,120.81258,27.91587,7
2948,120.60027,28.05192,2
2949,120.712569,28.000868,1
2950,120.674,28.1063,10
2952,120.670423,28.021681,3
2954,120.66573,28.05735,2
2955,120.66555,28.02188,3
2956,120.79482,28.01751,14
2957,120.7319,27.9672,5
2958,120.78821,28.01508,14
2959,120.708797,27.996193,1
2960,120.583,28.017,12
2961,120.66136,27.94751,4
2962,120.82445,27.95764,7
2963,120.61588,27.98802,6
2964,120.77662,28.07691,14
2965,120.622368,27.991469,6
2966,120.81717,27.90319,7
2967,120.70507,27.92614,13
2968,120.6546,28.02802,2
2969,120.54971,27.97953,6
2970,120.57364,27.9567,11
