id,lnt,lat
0,113.874,22.648
1,113.882,22.648
2,113.89,22.648
3,113.898,22.648
4,113.906,22.648
5,113.914,22.648
6,113.922,22.648
7,113.93,22.648
8,113.938,22.648
9,113.946,22.648
10,113.954,22.648
11,113.962,22.648
12,113.97,22.648
13,113.978,22.648
14,113.986,22.648
15,113.994,22.648
16,114.002,22.648
17,114.01,22.648
18,114.018,22.648
19,114.026,22.648
20,114.034,22.648
21,114.042,22.648
22,114.05,22.648
23,114.058,22.648
24,114.066,22.648
25,114.074,22.648
26,114.082,22.648
27,114.09,22.648
28,114.098,22.648
29,114.106,22.648
30,114.114,22.648
31,114.122,22.648
32,114.13,22.648
33,114.138,22.648
34,114.146,22.648
35,114.154,22.648
36,114.162,22.648
37,114.17,22.648
38,114.178,22.648
39,114.186,22.648
40,114.194,22.648
41,114.202,22.648
42,114.21,22.648
43,114.218,22.648
44,114.226,22.648
45,114.234,22.648
46,114.242,22.648
47,114.25,22.648
48,114.258,22.648
49,114.266,22.648
50,114.274,22.648
51,114.282,22.648
52,114.29,22.648
53,114.298,22.648
54,114.306,22.648
55,114.314,22.648
56,114.322,22.648
57,114.33,22.648
58,114.338,22.648
59,114.346,22.648
60,113.874,22.644
61,113.882,22.644
62,113.89,22.644
63,113.898,22.644
64,113.906,22.644
65,113.914,22.644
66,113.922,22.644
67,113.93,22.644
68,113.938,22.644
69,113.946,22.644
70,113.954,22.644
71,113.962,22.644
72,113.97,22.644
73,113.978,22.644
74,113.986,22.644
75,113.994,22.644
76,114.002,22.644
77,114.01,22.644
78,114.018,22.644
79,114.026,22.644
80,114.034,22.644
81,114.042,22.644
82,114.05,22.644
83,114.058,22.644
84,114.066,22.644
85,114.074,22.644
86,114.082,22.644
87,114.09,22.644
88,114.098,22.644
89,114.106,22.644
90,114.114,22.644
91,114.122,22.644
92,114.13,22.644
93,114.138,22.644
94,114.146,22.644
95,114.154,22.644
96,114.162,22.644
97,114.17,22.644
98,114.178,22.644
99,114.186,22.644
100,114.194,22.644
101,114.202,22.644
102,114.21,22.644
103,114.218,22.644
104,114.226,22.644
105,114.234,22.644
106,114.242,22.644
107,114.25,22.644
108,114.258,22.644
109,114.266,22.644
110,114.274,22.644
111,114.282,22.644
112,114.29,22.644
113,114.298,22.644
114,114.306,22.644
115,114.314,22.644
116,114.322,22.644
117,114.33,22.644
118,114.338,22.644
119,114.346,22.644
120,113.874,22.64
121,113.882,22.64
122,113.89,22.64
123,113.898,22.64
124,113.906,22.64
125,113.914,22.64
126,113.922,22.64
127,113.93,22.64
128,113.938,22.64
129,113.946,22.64
130,113.954,22.64
131,113.962,22.64
132,113.97,22.64
133,113.978,22.64
134,113.986,22.64
135,113.994,22.64
136,114.002,22.64
137,114.01,22.64
138,114.018,22.64
139,114.026,22.64
140,114.034,22.64
141,114.042,22.64
142,114.05,22.64
143,114.058,22.64
144,114.066,22.64
145,114.074,22.64
146,114.082,22.64
147,114.09,22.64
148,114.098,22.64
149,114.106,22.64
150,114.114,22.64
151,114.122,22.64
152,114.13,22.64
153,114.138,22.64
154,114.146,22.64
155,114.154,22.64
156,114.162,22.64
157,114.17,22.64
158,114.178,22.64
159,114.186,22.64
160,114.194,22.64
161,114.202,22.64
162,114.21,22.64
163,114.218,22.64
164,114.226,22.64
165,114.234,22.64
166,114.242,22.64
167,114.25,22.64
168,114.258,22.64
169,114.266,22.64
170,114.274,22.64
171,114.282,22.64
172,114.29,22.64
173,114.298,22.64
174,114.306,22.64
175,114.314,22.64
176,114.322,22.64
177,114.33,22.64
178,114.338,22.64
179,114.346,22.64
180,113.874,22.636
181,113.882,22.636
182,113.89,22.636
183,113.898,22.636
184,113.906,22.636
185,113.914,22.636
186,113.922,22.636
187,113.93,22.636
188,113.938,22.636
189,113.946,22.636
190,113.954,22.636
191,113.962,22.636
192,113.97,22.636
193,113.978,22.636
194,113.986,22.636
195,113.994,22.636
196,114.002,22.636
197,114.01,22.636
198,114.018,22.636
199,114.026,22.636
200,114.034,22.636
201,114.042,22.636
202,114.05,22.636
203,114.058,22.636
204,114.066,22.636
205,114.074,22.636
206,114.082,22.636
207,114.09,22.636
208,114.098,22.636
209,114.106,22.636
210,114.114,22.636
211,114.122,22.636
212,114.13,22.636
213,114.138,22.636
214,114.146,22.636
215,114.154,22.636
216,114.162,22.636
217,114.17,22.636
218,114.178,22.636
219,114.186,22.636
220,114.194,22.636
221,114.202,22.636
222,114.21,22.636
223,114.218,22.636
224,114.226,22.636
225,114.234,22.636
226,114.242,22.636
227,114.25,22.636
228,114.258,22.636
229,114.266,22.636
230,114.274,22.636
231,114.282,22.636
232,114.29,22.636
233,114.298,22.636
234,114.306,22.636
235,114.314,22.636
236,114.322,22.636
237,114.33,22.636
238,114.338,22.636
239,114.346,22.636
240,113.874,22.632
241,113.882,22.632
242,113.89,22.632
243,113.898,22.632
244,113.906,22.632
245,113.914,22.632
246,113.922,22.632
247,113.93,22.632
248,113.938,22.632
249,113.946,22.632
250,113.954,22.632
251,113.962,22.632
252,113.97,22.632
253,113.978,22.632
254,113.986,22.632
255,113.994,22.632
256,114.002,22.632
257,114.01,22.632
258,114.018,22.632
259,114.026,22.632
260,114.034,22.632
261,114.042,22.632
262,114.05,22.632
263,114.058,22.632
264,114.066,22.632
265,114.074,22.632
266,114.082,22.632
267,114.09,22.632
268,114.098,22.632
269,114.106,22.632
270,114.114,22.632
271,114.122,22.632
272,114.13,22.632
273,114.138,22.632
274,114.146,22.632
275,114.154,22.632
276,114.162,22.632
277,114.17,22.632
278,114.178,22.632
279,114.186,22.632
280,114.194,22.632
281,114.202,22.632
282,114.21,22.632
283,114.218,22.632
284,114.226,22.632
285,114.234,22.632
286,114.242,22.632
287,114.25,22.632
288,114.258,22.632
289,114.266,22.632
290,114.274,22.632
291,114.282,22.632
292,114.29,22.632
293,114.298,22.632
294,114.306,22.632
295,114.314,22.632
296,114.322,22.632
297,114.33,22.632
298,114.338,22.632
299,114.346,22.632
300,113.874,22.628
301,113.882,22.628
302,113.89,22.628
303,113.898,22.628
304,113.906,22.628
305,113.914,22.628
306,113.922,22.628
307,113.93,22.628
308,113.938,22.628
309,113.946,22.628
310,113.954,22.628
311,113.962,22.628
312,113.97,22.628
313,113.978,22.628
314,113.986,22.628
315,113.994,22.628
316,114.002,22.628
317,114.01,22.628
318,114.018,22.628
319,114.026,22.628
320,114.034,22.628
321,114.042,22.628
322,114.05,22.628
323,114.058,22.628
324,114.066,22.628
325,114.074,22.628
326,114.082,22.628
327,114.09,22.628
328,114.098,22.628
329,114.106,22.628
330,114.114,22.628
331,114.122,22.628
332,114.13,22.628
333,114.138,22.628
334,114.146,22.628
335,114.154,22.628
336,114.162,22.628
337,114.17,22.628
338,114.178,22.628
339,114.186,22.628
340,114.194,22.628
341,114.202,22.628
342,114.21,22.628
343,114.218,22.628
344,114.226,22.628
345,114.234,22.628
346,114.242,22.628
347,114.25,22.628
348,114.258,22.628
349,114.266,22.628
350,114.274,22.628
351,114.282,22.628
352,114.29,22.628
353,114.298,22.628
354,114.306,22.628
355,114.314,22.628
356,114.322,22.628
357,114.33,22.628
358,114.338,22.628
359,114.346,22.628
360,113.874,22.624
361,113.882,22.624
362,113.89,22.624
363,113.898,22.624
364,113.906,22.624
365,113.914,22.624
366,113.922,22.624
367,113.93,22.624
368,113.938,22.624
369,113.946,22.624
370,113.954,22.624
371,113.962,22.624
372,113.97,22.624
373,113.978,22.624
374,113.986,22.624
375,113.994,22.624
376,114.002,22.624
377,114.01,22.624
378,114.018,22.624
379,114.026,22.624
380,114.034,22.624
381,114.042,22.624
382,114.05,22.624
383,114.058,22.624
384,114.066,22.624
385,114.074,22.624
386,114.082,22.624
387,114.09,22.624
388,114.098,22.624
389,114.106,22.624
390,114.114,22.624
391,114.122,22.624
392,114.13,22.624
393,114.138,22.624
394,114.146,22.624
395,114.154,22.624
396,114.162,22.624
397,114.17,22.624
398,114.178,22.624
399,114.186,22.624
400,114.194,22.624
401,114.202,22.624
402,114.21,22.624
403,114.218,22.624
404,114.226,22.624
405,114.234,22.624
406,114.242,22.624
407,114.25,22.624
408,114.258,22.624
409,114.266,22.624
410,114.274,22.624
411,114.282,22.624
412,114.29,22.624
413,114.298,22.624
414,114.306,22.624
415,114.314,22.624
416,114.322,22.624
417,114.33,22.624
418,114.338,22.624
419,114.346,22.624
420,113.874,22.62
421,113.882,22.62
422,113.89,22.62
423,113.898,22.62
424,113.906,22.62
425,113.914,22.62
426,113.922,22.62
427,113.93,22.62
428,113.938,22.62
429,113.946,22.62
430,113.954,22.62
431,113.962,22.62
432,113.97,22.62
433,113.978,22.62
434,113.986,22.62
435,113.994,22.62
436,114.002,22.62
437,114.01,22.62
438,114.018,22.62
439,114.026,22.62
440,114.034,22.62
441,114.042,22.62
442,114.05,22.62
443,114.058,22.62
444,114.066,22.62
445,114.074,22.62
446,114.082,22.62
447,114.09,22.62
448,114.098,22.62
449,114.106,22.62
450,114.114,22.62
451,114.122,22.62
452,114.13,22.62
453,114.138,22.62
454,114.146,22.62
455,114.154,22.62
456,114.162,22.62
457,114.17,22.62
458,114.178,22.62
459,114.186,22.62
460,114.194,22.62
461,114.202,22.62
462,114.21,22.62
463,114.218,22.62
464,114.226,22.62
465,114.234,22.62
466,114.242,22.62
467,114.25,22.62
468,114.258,22.62
469,114.266,22.62
470,114.274,22.62
471,114.282,22.62
472,114.29,22.62
473,114.298,22.62
474,114.306,22.62
475,114.314,22.62
476,114.322,22.62
477,114.33,22.62
478,114.338,22.62
479,114.346,22.62
480,113.874,22.616
481,113.882,22.616
482,113.89,22.616
483,113.898,22.616
484,113.906,22.616
485,113.914,22.616
486,113.922,22.616
487,113.93,22.616
488,113.938,22.616
489,113.946,22.616
490,113.954,22.616
491,113.962,22.616
492,113.97,22.616
493,113.978,22.616
494,113.986,22.616
495,113.994,22.616
496,114.002,22.616
497,114.01,22.616
498,114.018,22.616
499,114.026,22.616
500,114.034,22.616
501,114.042,22.616
502,114.05,22.616
503,114.058,22.616
504,114.066,22.616
505,114.074,22.616
506,114.082,22.616
507,114.09,22.616
508,114.098,22.616
509,114.106,22.616
510,114.114,22.616
511,114.122,22.616
512,114.13,22.616
513,114.138,22.616
514,114.146,22.616
515,114.154,22.616
516,114.162,22.616
517,114.17,22.616
518,114.178,22.616
519,114.186,22.616
520,114.194,22.616
521,114.202,22.616
522,114.21,22.616
523,114.218,22.616
524,114.226,22.616
525,114.234,22.616
526,114.242,22.616
527,114.25,22.616
528,114.258,22.616
529,114.266,22.616
530,114.274,22.616
531,114.282,22.616
532,114.29,22.616
533,114.298,22.616
534,114.306,22.616
535,114.314,22.616
536,114.322,22.616
537,114.33,22.616
538,114.338,22.616
539,114.346,22.616
540,113.874,22.612
541,113.882,22.612
542,113.89,22.612
543,113.898,22.612
544,113.906,22.612
545,113.914,22.612
546,113.922,22.612
547,113.93,22.612
548,113.938,22.612
549,113.946,22.612
550,113.954,22.612
551,113.962,22.612
552,113.97,22.612
553,113.978,22.612
554,113.986,22.612
555,113.994,22.612
556,114.002,22.612
557,114.01,22.612
558,114.018,22.612
559,114.026,22.612
560,114.034,22.612
561,114.042,22.612
562,114.05,22.612
563,114.058,22.612
564,114.066,22.612
565,114.074,22.612
566,114.082,22.612
567,114.09,22.612
568,114.098,22.612
569,114.106,22.612
570,114.114,22.612
571,114.122,22.612
572,114.13,22.612
573,114.138,22.612
574,114.146,22.612
575,114.154,22.612
576,114.162,22.612
577,114.17,22.612
578,114.178,22.612
579,114.186,22.612
580,114.194,22.612
581,114.202,22.612
582,114.21,22.612
583,114.218,22.612
584,114.226,22.612
585,114.234,22.612
586,114.242,22.612
587,114.25,22.612
588,114.258,22.612
589,114.266,22.612
590,114.274,22.612
591,114.282,22.612
592,114.29,22.612
593,114.298,22.612
594,114.306,22.612
595,114.314,22.612
596,114.322,22.612
597,114.33,22.612
598,114.338,22.612
599,114.346,22.612
600,113.874,22.608
601,113.882,22.608
602,113.89,22.608
603,113.898,22.608
604,113.906,22.608
605,113.914,22.608
606,113.922,22.608
607,113.93,22.608
608,113.938,22.608
609,113.946,22.608
610,113.954,22.608
611,113.962,22.608
612,113.97,22.608
613,113.978,22.608
614,113.986,22.608
615,113.994,22.608
616,114.002,22.608
617,114.01,22.608
618,114.018,22.608
619,114.026,22.608
620,114.034,22.608
621,114.042,22.608
622,114.05,22.608
623,114.058,22.608
624,114.066,22.608
625,114.074,22.608
626,114.082,22.608
627,114.09,22.608
628,114.098,22.608
629,114.106,22.608
630,114.114,22.608
631,114.122,22.608
632,114.13,22.608
633,114.138,22.608
634,114.146,22.608
635,114.154,22.608
636,114.162,22.608
637,114.17,22.608
638,114.178,22.608
639,114.186,22.608
640,114.194,22.608
641,114.202,22.608
642,114.21,22.608
643,114.218,22.608
644,114.226,22.608
645,114.234,22.608
646,114.242,22.608
647,114.25,22.608
648,114.258,22.608
649,114.266,22.608
650,114.274,22.608
651,114.282,22.608
652,114.29,22.608
653,114.298,22.608
654,114.306,22.608
655,114.314,22.608
656,114.322,22.608
657,114.33,22.608
658,114.338,22.608
659,114.346,22.608
660,113.874,22.604
661,113.882,22.604
662,113.89,22.604
663,113.898,22.604
664,113.906,22.604
665,113.914,22.604
666,113.922,22.604
667,113.93,22.604
668,113.938,22.604
669,113.946,22.604
670,113.954,22.604
671,113.962,22.604
672,113.97,22.604
673,113.978,22.604
674,113.986,22.604
675,113.994,22.604
676,114.002,22.604
677,114.01,22.604
678,114.018,22.604
679,114.026,22.604
680,114.034,22.604
681,114.042,22.604
682,114.05,22.604
683,114.058,22.604
684,114.066,22.604
685,114.074,22.604
686,114.082,22.604
687,114.09,22.604
688,114.098,22.604
689,114.106,22.604
690,114.114,22.604
691,114.122,22.604
692,114.13,22.604
693,114.138,22.604
694,114.146,22.604
695,114.154,22.604
696,114.162,22.604
697,114.17,22.604
698,114.178,22.604
699,114.186,22.604
700,114.194,22.604
701,114.202,22.604
702,114.21,22.604
703,114.218,22.604
704,114.226,22.604
705,114.234,22.604
706,114.242,22.604
707,114.25,22.604
708,114.258,22.604
709,114.266,22.604
710,114.274,22.604
711,114.282,22.604
712,114.29,22.604
713,114.298,22.604
714,114.306,22.604
715,114.314,22.604
716,114.322,22.604
717,114.33,22.604
718,114.338,22.604
719,114.346,22.604
720,113.874,22.6
721,113.882,22.6
722,113.89,22.6
723,113.898,22.6
724,113.906,22.6
725,113.914,22.6
726,113.922,22.6
727,113.93,22.6
728,113.938,22.6
729,113.946,22.6
730,113.954,22.6
731,113.962,22.6
732,113.97,22.6
733,113.978,22.6
734,113.986,22.6
735,113.994,22.6
736,114.002,22.6
737,114.01,22.6
738,114.018,22.6
739,114.026,22.6
740,114.034,22.6
741,114.042,22.6
742,114.05,22.6
743,114.058,22.6
744,114.066,22.6
745,114.074,22.6
746,114.082,22.6
747,114.09,22.6
748,114.098,22.6
749,114.106,22.6
750,114.114,22.6
751,114.122,22.6
752,114.13,22.6
753,114.138,22.6
754,114.146,22.6
755,114.154,22.6
756,114.162,22.6
757,114.17,22.6
758,114.178,22.6
759,114.186,22.6
760,114.194,22.6
761,114.202,22.6
762,114.21,22.6
763,114.218,22.6
764,114.226,22.6
765,114.234,22.6
766,114.242,22.6
767,114.25,22.6
768,114.258,22.6
769,114.266,22.6
770,114.274,22.6
771,114.282,22.6
772,114.29,22.6
773,114.298,22.6
774,114.306,22.6
775,114.314,22.6
776,114.322,22.6
777,114.33,22.6
778,114.338,22.6
779,114.346,22.6
780,113.874,22.596
781,113.882,22.596
782,113.89,22.596
783,113.898,22.596
784,113.906,22.596
785,113.914,22.596
786,113.922,22.596
787,113.93,22.596
788,113.938,22.596
789,113.946,22.596
790,113.954,22.596
791,113.962,22.596
792,113.97,22.596
793,113.978,22.596
794,113.986,22.596
795,113.994,22.596
796,114.002,22.596
797,114.01,22.596
798,114.018,22.596
799,114.026,22.596
800,114.034,22.596
801,114.042,22.596
802,114.05,22.596
803,114.058,22.596
804,114.066,22.596
805,114.074,22.596
806,114.082,22.596
807,114.09,22.596
808,114.098,22.596
809,114.106,22.596
810,114.114,22.596
811,114.122,22.596
812,114.13,22.596
813,114.138,22.596
814,114.146,22.596
815,114.154,22.596
816,114.162,22.596
817,114.17,22.596
818,114.178,22.596
819,114.186,22.596
820,114.194,22.596
821,114.202,22.596
822,114.21,22.596
823,114.218,22.596
824,114.226,22.596
825,114.234,22.596
826,114.242,22.596
827,114.25,22.596
828,114.258,22.596
829,114.266,22.596
830,114.274,22.596
831,114.282,22.596
832,114.29,22.596
833,114.298,22.596
834,114.306,22.596
835,114.314,22.596
836,114.322,22.596
837,114.33,22.596
838,114.338,22.596
839,114.346,22.596
840,113.874,22.592
841,113.882,22.592
842,113.89,22.592
843,113.898,22.592
844,113.906,22.592
845,113.914,22.592
846,113.922,22.592
847,113.93,22.592
848,113.938,22.592
849,113.946,22.592
850,113.954,22.592
851,113.962,22.592
852,113.97,22.592
853,113.978,22.592
854,113.986,22.592
855,113.994,22.592
856,114.002,22.592
857,114.01,22.592
858,114.018,22.592
859,114.026,22.592
860,114.034,22.592
861,114.042,22.592
862,114.05,22.592
863,114.058,22.592
864,114.066,22.592
865,114.074,22.592
866,114.082,22.592
867,114.09,22.592
868,114.098,22.592
869,114.106,22.592
870,114.114,22.592
871,114.122,22.592
872,114.13,22.592
873,114.138,22.592
874,114.146,22.592
875,114.154,22.592
876,114.162,22.592
877,114.17,22.592
878,114.178,22.592
879,114.186,22.592
880,114.194,22.592
881,114.202,22.592
882,114.21,22.592
883,114.218,22.592
884,114.226,22.592
885,114.234,22.592
886,114.242,22.592
887,114.25,22.592
888,114.258,22.592
889,114.266,22.592
890,114.274,22.592
891,114.282,22.592
892,114.29,22.592
893,114.298,22.592
894,114.306,22.592
895,114.314,22.592
896,114.322,22.592
897,114.33,22.592
898,114.338,22.592
899,114.346,22.592
900,113.874,22.588
901,113.882,22.588
902,113.89,22.588
903,113.898,22.588
904,113.906,22.588
905,113.914,22.588
906,113.922,22.588
907,113.93,22.588
908,113.938,22.588
909,113.946,22.588
910,113.954,22.588
911,113.962,22.588
912,113.97,22.588
913,113.978,22.588
914,113.986,22.588
915,113.994,22.588
916,114.002,22.588
917,114.01,22.588
918,114.018,22.588
919,114.026,22.588
920,114.034,22.588
921,114.042,22.588
922,114.05,22.588
923,114.058,22.588
924,114.066,22.588
925,114.074,22.588
926,114.082,22.588
927,114.09,22.588
928,114.098,22.588
929,114.106,22.588
930,114.114,22.588
931,114.122,22.588
932,114.13,22.588
933,114.138,22.588
934,114.146,22.588
935,114.154,22.588
936,114.162,22.588
937,114.17,22.588
938,114.178,22.588
939,114.186,22.588
940,114.194,22.588
941,114.202,22.588
942,114.21,22.588
943,114.218,22.588
944,114.226,22.588
945,114.234,22.588
946,114.242,22.588
947,114.25,22.588
948,114.258,22.588
949,114.266,22.588
950,114.274,22.588
951,114.282,22.588
952,114.29,22.588
953,114.298,22.588
954,114.306,22.588
955,114.314,22.588
956,114.322,22.588
957,114.33,22.588
958,114.338,22.588
959,114.346,22.588
960,113.874,22.584
961,113.882,22.584
962,113.89,22.584
963,113.898,22.584
964,113.906,22.584
965,113.914,22.584
966,113.922,22.584
967,113.93,22.584
968,113.938,22.584
969,113.946,22.584
970,113.954,22.584
971,113.962,22.584
972,113.97,22.584
973,113.978,22.584
974,113.986,22.584
975,113.994,22.584
976,114.002,22.584
977,114.01,22.584
978,114.018,22.584
979,114.026,22.584
980,114.034,22.584
981,114.042,22.584
982,114.05,22.584
983,114.058,22.584
984,114.066,22.584
985,114.074,22.584
986,114.082,22.584
987,114.09,22.584
988,114.098,22.584
989,114.106,22.584
990,114.114,22.584
991,114.122,22.584
992,114.13,22.584
993,114.138,22.584
994,114.146,22.584
995,114.154,22.584
996,114.162,22.584
997,114.17,22.584
998,114.178,22.584
999,114.186,22.584
1000,114.194,22.584
1001,114.202,22.584
1002,114.21,22.584
1003,114.218,22.584
1004,114.226,22.584
1005,114.234,22.584
1006,114.242,22.584
1007,114.25,22.584
1008,114.258,22.584
1009,114.266,22.584
1010,114.274,22.584
1011,114.282,22.584
1012,114.29,22.584
1013,114.298,22.584
1014,114.306,22.584
1015,114.314,22.584
1016,114.322,22.584
1017,114.33,22.584
1018,114.338,22.584
1019,114.346,22.584
1020,113.874,22.58
1021,113.882,22.58
1022,113.89,22.58
1023,113.898,22.58
1024,113.906,22.58
1025,113.914,22.58
1026,113.922,22.58
1027,113.93,22.58
1028,113.938,22.58
1029,113.946,22.58
1030,113.954,22.58
1031,113.962,22.58
1032,113.97,22.58
1033,113.978,22.58
1034,113.986,22.58
1035,113.994,22.58
1036,114.002,22.58
1037,114.01,22.58
1038,114.018,22.58
1039,114.026,22.58
1040,114.034,22.58
1041,114.042,22.58
1042,114.05,22.58
1043,114.058,22.58
1044,114.066,22.58
1045,114.074,22.58
1046,114.082,22.58
1047,114.09,22.58
1048,114.098,22.58
1049,114.106,22.58
1050,114.114,22.58
1051,114.122,22.58
1052,114.13,22.58
1053,114.138,22.58
1054,114.146,22.58
1055,114.154,22.58
1056,114.162,22.58
1057,114.17,22.58
1058,114.178,22.58
1059,114.186,22.58
1060,114.194,22.58
1061,114.202,22.58
1062,114.21,22.58
1063,114.218,22.58
1064,114.226,22.58
1065,114.234,22.58
1066,114.242,22.58
1067,114.25,22.58
1068,114.258,22.58
1069,114.266,22.58
1070,114.274,22.58
1071,114.282,22.58
1072,114.29,22.58
1073,114.298,22.58
1074,114.306,22.58
1075,114.314,22.58
1076,114.322,22.58
1077,114.33,22.58
1078,114.338,22.58
1079,114.346,22.58
1080,113.874,22.576
1081,113.882,22.576
1082,113.89,22.576
1083,113.898,22.576
1084,113.906,22.576
1085,113.914,22.576
1086,113.922,22.576
1087,113.93,22.576
1088,113.938,22.576
1089,113.946,22.576
1090,113.954,22.576
1091,113.962,22.576
1092,113.97,22.576
1093,113.978,22.576
1094,113.986,22.576
1095,113.994,22.576
1096,114.002,22.576
1097,114.01,22.576
1098,114.018,22.576
1099,114.026,22.576
1100,114.034,22.576
1101,114.042,22.576
1102,114.05,22.576
1103,114.058,22.576
1104,114.066,22.576
1105,114.074,22.576
1106,114.082,22.576
1107,114.09,22.576
1108,114.098,22.576
1109,114.106,22.576
1110,114.114,22.576
1111,114.122,22.576
1112,114.13,22.576
1113,114.138,22.576
1114,114.146,22.576
1115,114.154,22.576
1116,114.162,22.576
1117,114.17,22.576
1118,114.178,22.576
1119,114.186,22.576
1120,114.194,22.576
1121,114.202,22.576
1122,114.21,22.576
1123,114.218,22.576
1124,114.226,22.576
1125,114.234,22.576
1126,114.242,22.576
1127,114.25,22.576
1128,114.258,22.576
1129,114.266,22.576
1130,114.274,22.576
1131,114.282,22.576
1132,114.29,22.576
1133,114.298,22.576
1134,114.306,22.576
1135,114.314,22.576
1136,114.322,22.576
1137,114.33,22.576
1138,114.338,22.576
1139,114.346,22.576
1140,113.874,22.572
1141,113.882,22.572
1142,113.89,22.572
1143,113.898,22.572
1144,113.906,22.572
1145,113.914,22.572
1146,113.922,22.572
1147,113.93,22.572
1148,113.938,22.572
1149,113.946,22.572
1150,113.954,22.572
1151,113.962,22.572
1152,113.97,22.572
1153,113.978,22.572
1154,113.986,22.572
1155,113.994,22.572
1156,114.002,22.572
1157,114.01,22.572
1158,114.018,22.572
1159,114.026,22.572
1160,114.034,22.572
1161,114.042,22.572
1162,114.05,22.572
1163,114.058,22.572
1164,114.066,22.572
1165,114.074,22.572
1166,114.082,22.572
1167,114.09,22.572
1168,114.098,22.572
1169,114.106,22.572
1170,114.114,22.572
1171,114.122,22.572
1172,114.13,22.572
1173,114.138,22.572
1174,114.146,22.572
1175,114.154,22.572
1176,114.162,22.572
1177,114.17,22.572
1178,114.178,22.572
1179,114.186,22.572
1180,114.194,22.572
1181,114.202,22.572
1182,114.21,22.572
1183,114.218,22.572
1184,114.226,22.572
1185,114.234,22.572
1186,114.242,22.572
1187,114.25,22.572
1188,114.258,22.572
1189,114.266,22.572
1190,114.274,22.572
1191,114.282,22.572
1192,114.29,22.572
1193,114.298,22.572
1194,114.306,22.572
1195,114.314,22.572
1196,114.322,22.572
1197,114.33,22.572
1198,114.338,22.572
1199,114.346,22.572
1200,113.874,22.568
1201,113.882,22.568
1202,113.89,22.568
1203,113.898,22.568
1204,113.906,22.568
1205,113.914,22.568
1206,113.922,22.568
1207,113.93,22.568
1208,113.938,22.568
1209,113.946,22.568
1210,113.954,22.568
1211,113.962,22.568
1212,113.97,22.568
1213,113.978,22.568
1214,113.986,22.568
1215,113.994,22.568
1216,114.002,22.568
1217,114.01,22.568
1218,114.018,22.568
1219,114.026,22.568
1220,114.034,22.568
1221,114.042,22.568
1222,114.05,22.568
1223,114.058,22.568
1224,114.066,22.568
1225,114.074,22.568
1226,114.082,22.568
1227,114.09,22.568
1228,114.098,22.568
1229,114.106,22.568
1230,114.114,22.568
1231,114.122,22.568
1232,114.13,22.568
1233,114.138,22.568
1234,114.146,22.568
1235,114.154,22.568
1236,114.162,22.568
1237,114.17,22.568
1238,114.178,22.568
1239,114.186,22.568
1240,114.194,22.568
1241,114.202,22.568
1242,114.21,22.568
1243,114.218,22.568
1244,114.226,22.568
1245,114.234,22.568
1246,114.242,22.568
1247,114.25,22.568
1248,114.258,22.568
1249,114.266,22.568
1250,114.274,22.568
1251,114.282,22.568
1252,114.29,22.568
1253,114.298,22.568
1254,114.306,22.568
1255,114.314,22.568
1256,114.322,22.568
1257,114.33,22.568
1258,114.338,22.568
1259,114.346,22.568
1260,113.874,22.564
1261,113.882,22.564
1262,113.89,22.564
1263,113.898,22.564
1264,113.906,22.564
1265,113.914,22.564
1266,113.922,22.564
1267,113.93,22.564
1268,113.938,22.564
1269,113.946,22.564
1270,113.954,22.564
1271,113.962,22.564
1272,113.97,22.564
1273,113.978,22.564
1274,113.986,22.564
1275,113.994,22.564
1276,114.002,22.564
1277,114.01,22.564
1278,114.018,22.564
1279,114.026,22.564
1280,114.034,22.564
1281,114.042,22.564
1282,114.05,22.564
1283,114.058,22.564
1284,114.066,22.564
1285,114.074,22.564
1286,114.082,22.564
1287,114.09,22.564
1288,114.098,22.564
1289,114.106,22.564
1290,114.114,22.564
1291,114.122,22.564
1292,114.13,22.564
1293,114.138,22.564
1294,114.146,22.564
1295,114.154,22.564
1296,114.162,22.564
1297,114.17,22.564
1298,114.178,22.564
1299,114.186,22.564
1300,114.194,22.564
1301,114.202,22.564
1302,114.21,22.564
1303,114.218,22.564
1304,114.226,22.564
1305,114.234,22.564
1306,114.242,22.564
1307,114.25,22.564
1308,114.258,22.564
1309,114.266,22.564
1310,114.274,22.564
1311,114.282,22.564
1312,114.29,22.564
1313,114.298,22.564
1314,114.306,22.564
1315,114.314,22.564
1316,114.322,22.564
1317,114.33,22.564
1318,114.338,22.564
1319,114.346,22.564
1320,113.874,22.56
1321,113.882,22.56
1322,113.89,22.56
1323,113.898,22.56
1324,113.906,22.56
1325,113.914,22.56
1326,113.922,22.56
1327,113.93,22.56
1328,113.938,22.56
1329,113.946,22.56
1330,113.954,22.56
1331,113.962,22.56
1332,113.97,22.56
1333,113.978,22.56
1334,113.986,22.56
1335,113.994,22.56
1336,114.002,22.56
1337,114.01,22.56
1338,114.018,22.56
1339,114.026,22.56
1340,114.034,22.56
1341,114.042,22.56
1342,114.05,22.56
1343,114.058,22.56
1344,114.066,22.56
1345,114.074,22.56
1346,114.082,22.56
1347,114.09,22.56
1348,114.098,22.56
1349,114.106,22.56
1350,114.114,22.56
1351,114.122,22.56
1352,114.13,22.56
1353,114.138,22.56
1354,114.146,22.56
1355,114.154,22.56
1356,114.162,22.56
1357,114.17,22.56
1358,114.178,22.56
1359,114.186,22.56
1360,114.194,22.56
1361,114.202,22.56
1362,114.21,22.56
1363,114.218,22.56
1364,114.226,22.56
1365,114.234,22.56
1366,114.242,22.56
1367,114.25,22.56
1368,114.258,22.56
1369,114.266,22.56
1370,114.274,22.56
1371,114.282,22.56
1372,114.29,22.56
1373,114.298,22.56
1374,114.306,22.56
1375,114.314,22.56
1376,114.322,22.56
1377,114.33,22.56
1378,114.338,22.56
1379,114.346,22.56
1380,113.874,22.556
1381,113.882,22.556
1382,113.89,22.556
1383,113.898,22.556
1384,113.906,22.556
1385,113.914,22.556
1386,113.922,22.556
1387,113.93,22.556
1388,113.938,22.556
1389,113.946,22.556
1390,113.954,22.556
1391,113.962,22.556
1392,113.97,22.556
1393,113.978,22.556
1394,113.986,22.556
1395,113.994,22.556
1396,114.002,22.556
1397,114.01,22.556
1398,114.018,22.556
1399,114.026,22.556
1400,114.034,22.556
1401,114.042,22.556
1402,114.05,22.556
1403,114.058,22.556
1404,114.066,22.556
1405,114.074,22.556
1406,114.082,22.556
1407,114.09,22.556
1408,114.098,22.556
1409,114.106,22.556
1410,114.114,22.556
1411,114.122,22.556
1412,114.13,22.556
1413,114.138,22.556
1414,114.146,22.556
1415,114.154,22.556
1416,114.162,22.556
1417,114.17,22.556
1418,114.178,22.556
1419,114.186,22.556
1420,114.194,22.556
1421,114.202,22.556
1422,114.21,22.556
1423,114.218,22.556
1424,114.226,22.556
1425,114.234,22.556
1426,114.242,22.556
1427,114.25,22.556
1428,114.258,22.556
1429,114.266,22.556
1430,114.274,22.556
1431,114.282,22.556
1432,114.29,22.556
1433,114.298,22.556
1434,114.306,22.556
1435,114.314,22.556
1436,114.322,22.556
1437,114.33,22.556
1438,114.338,22.556
1439,114.346,22.556
1440,113.874,22.552
1441,113.882,22.552
1442,113.89,22.552
1443,113.898,22.552
1444,113.906,22.552
1445,113.914,22.552
1446,113.922,22.552
1447,113.93,22.552
1448,113.938,22.552
1449,113.946,22.552
1450,113.954,22.552
1451,113.962,22.552
1452,113.97,22.552
1453,113.978,22.552
1454,113.986,22.552
1455,113.994,22.552
1456,114.002,22.552
1457,114.01,22.552
1458,114.018,22.552
1459,114.026,22.552
1460,114.034,22.552
1461,114.042,22.552
1462,114.05,22.552
1463,114.058,22.552
1464,114.066,22.552
1465,114.074,22.552
1466,114.082,22.552
1467,114.09,22.552
1468,114.098,22.552
1469,114.106,22.552
1470,114.114,22.552
1471,114.122,22.552
1472,114.13,22.552
1473,114.138,22.552
1474,114.146,22.552
1475,114.154,22.552
1476,114.162,22.552
1477,114.17,22.552
1478,114.178,22.552
1479,114.186,22.552
1480,114.194,22.552
1481,114.202,22.552
1482,114.21,22.552
1483,114.218,22.552
1484,114.226,22.552
1485,114.234,22.552
1486,114.242,22.552
1487,114.25,22.552
1488,114.258,22.552
1489,114.266,22.552
1490,114.274,22.552
1491,114.282,22.552
1492,114.29,22.552
1493,114.298,22.552
1494,114.306,22.552
1495,114.314,22.552
1496,114.322,22.552
1497,114.33,22.552
1498,114.338,22.552
1499,114.346,22.552
1500,113.874,22.548
1501,113.882,22.548
1502,113.89,22.548
1503,113.898,22.548
1504,113.906,22.548
1505,113.914,22.548
1506,113.922,22.548
1507,113.93,22.548
1508,113.938,22.548
1509,113.946,22.548
1510,113.954,22.548
1511,113.962,22.548
1512,113.97,22.548
1513,113.978,22.548
1514,113.986,22.548
1515,113.994,22.548
1516,114.002,22.548
1517,114.01,22.548
1518,114.018,22.548
1519,114.026,22.548
1520,114.034,22.548
1521,114.042,22.548
1522,114.05,22.548
1523,114.058,22.548
1524,114.066,22.548
1525,114.074,22.548
1526,114.082,22.548
1527,114.09,22.548
1528,114.098,22.548
1529,114.106,22.548
1530,114.114,22.548
1531,114.122,22.548
1532,114.13,22.548
1533,114.138,22.548
1534,114.146,22.548
1535,114.154,22.548
1536,114.162,22.548
1537,114.17,22.548
1538,114.178,22.548
1539,114.186,22.548
1540,114.194,22.548
1541,114.202,22.548
1542,114.21,22.548
1543,114.218,22.548
1544,114.226,22.548
1545,114.234,22.548
1546,114.242,22.548
1547,114.25,22.548
1548,114.258,22.548
1549,114.266,22.548
1550,114.274,22.548
1551,114.282,22.548
1552,114.29,22.548
1553,114.298,22.548
1554,114.306,22.548
1555,114.314,22.548
1556,114.322,22.548
1557,114.33,22.548
1558,114.338,22.548
1559,114.346,22.548
1560,113.874,22.544
1561,113.882,22.544
1562,113.89,22.544
1563,113.898,22.544
1564,113.906,22.544
1565,113.914,22.544
1566,113.922,22.544
1567,113.93,22.544
1568,113.938,22.544
1569,113.946,22.544
1570,113.954,22.544
1571,113.962,22.544
1572,113.97,22.544
1573,113.978,22.544
1574,113.986,22.544
1575,113.994,22.544
1576,114.002,22.544
1577,114.01,22.544
1578,114.018,22.544
1579,114.026,22.544
1580,114.034,22.544
1581,114.042,22.544
1582,114.05,22.544
1583,114.058,22.544
1584,114.066,22.544
1585,114.074,22.544
1586,114.082,22.544
1587,114.09,22.544
1588,114.098,22.544
1589,114.106,22.544
1590,114.114,22.544
1591,114.122,22.544
1592,114.13,22.544
1593,114.138,22.544
1594,114.146,22.544
1595,114.154,22.544
1596,114.162,22.544
1597,114.17,22.544
1598,114.178,22.544
1599,114.186,22.544
1600,114.194,22.544
1601,114.202,22.544
1602,114.21,22.544
1603,114.218,22.544
1604,114.226,22.544
1605,114.234,22.544
1606,114.242,22.544
1607,114.25,22.544
1608,114.258,22.544
1609,114.266,22.544
1610,114.274,22.544
1611,114.282,22.544
1612,114.29,22.544
1613,114.298,22.544
1614,114.306,22.544
1615,114.314,22.544
1616,114.322,22.544
1617,114.33,22.544
1618,114.338,22.544
1619,114.346,22.544
1620,113.874,22.54
1621,113.882,22.54
1622,113.89,22.54
1623,113.898,22.54
1624,113.906,22.54
1625,113.914,22.54
1626,113.922,22.54
1627,113.93,22.54
1628,113.938,22.54
1629,113.946,22.54
1630,113.954,22.54
1631,113.962,22.54
1632,113.97,22.54
1633,113.978,22.54
1634,113.986,22.54
1635,113.994,22.54
1636,114.002,22.54
1637,114.01,22.54
1638,114.018,22.54
1639,114.026,22.54
1640,114.034,22.54
1641,114.042,22.54
1642,114.05,22.54
1643,114.058,22.54
1644,114.066,22.54
1645,114.074,22.54
1646,114.082,22.54
1647,114.09,22.54
1648,114.098,22.54
1649,114.106,22.54
1650,114.114,22.54
1651,114.122,22.54
1652,114.13,22.54
1653,114.138,22.54
1654,114.146,22.54
1655,114.154,22.54
1656,114.162,22.54
1657,114.17,22.54
1658,114.178,22.54
1659,114.186,22.54
1660,114.194,22.54
1661,114.202,22.54
1662,114.21,22.54
1663,114.218,22.54
1664,114.226,22.54
1665,114.234,22.54
1666,114.242,22.54
1667,114.25,22.54
1668,114.258,22.54
1669,114.266,22.54
1670,114.274,22.54
1671,114.282,22.54
1672,114.29,22.54
1673,114.298,22.54
1674,114.306,22.54
1675,114.314,22.54
1676,114.322,22.54
1677,114.33,22.54
1678,114.338,22.54
1679,114.346,22.54
1680,113.874,22.536
1681,113.882,22.536
1682,113.89,22.536
1683,113.898,22.536
1684,113.906,22.536
1685,113.914,22.536
1686,113.922,22.536
1687,113.93,22.536
1688,113.938,22.536
1689,113.946,22.536
1690,113.954,22.536
1691,113.962,22.536
1692,113.97,22.536
1693,113.978,22.536
1694,113.986,22.536
1695,113.994,22.536
1696,114.002,22.536
1697,114.01,22.536
1698,114.018,22.536
1699,114.026,22.536
1700,114.034,22.536
1701,114.042,22.536
1702,114.05,22.536
1703,114.058,22.536
1704,114.066,22.536
1705,114.074,22.536
1706,114.082,22.536
1707,114.09,22.536
1708,114.098,22.536
1709,114.106,22.536
1710,114.114,22.536
1711,114.122,22.536
1712,114.13,22.536
1713,114.138,22.536
1714,114.146,22.536
1715,114.154,22.536
1716,114.162,22.536
1717,114.17,22.536
1718,114.178,22.536
1719,114.186,22.536
1720,114.194,22.536
1721,114.202,22.536
1722,114.21,22.536
1723,114.218,22.536
1724,114.226,22.536
1725,114.234,22.536
1726,114.242,22.536
1727,114.25,22.536
1728,114.258,22.536
1729,114.266,22.536
1730,114.274,22.536
1731,114.282,22.536
1732,114.29,22.536
1733,114.298,22.536
1734,114.306,22.536
1735,114.314,22.536
1736,114.322,22.536
1737,114.33,22.536
1738,114.338,22.536
1739,114.346,22.536
1740,113.874,22.532
1741,113.882,22.532
1742,113.89,22.532
1743,113.898,22.532
1744,113.906,22.532
1745,113.914,22.532
1746,113.922,22.532
1747,113.93,22.532
1748,113.938,22.532
1749,113.946,22.532
1750,113.954,22.532
1751,113.962,22.532
1752,113.97,22.532
1753,113.978,22.532
1754,113.986,22.532
1755,113.994,22.532
1756,114.002,22.532
1757,114.01,22.532
1758,114.018,22.532
1759,114.026,22.532
1760,114.034,22.532
1761,114.042,22.532
1762,114.05,22.532
1763,114.058,22.532
1764,114.066,22.532
1765,114.074,22.532
1766,114.082,22.532
1767,114.09,22.532
1768,114.098,22.532
1769,114.106,22.532
1770,114.114,22.532
1771,114.122,22.532
1772,114.13,22.532
1773,114.138,22.532
1774,114.146,22.532
1775,114.154,22.532
1776,114.162,22.532
1777,114.17,22.532
1778,114.178,22.532
1779,114.186,22.532
1780,114.194,22.532
1781,114.202,22.532
1782,114.21,22.532
1783,114.218,22.532
1784,114.226,22.532
1785,114.234,22.532
1786,114.242,22.532
1787,114.25,22.532
1788,114.258,22.532
1789,114.266,22.532
1790,114.274,22.532
1791,114.282,22.532
1792,114.29,22.532
1793,114.298,22.532
1794,114.306,22.532
1795,114.314,22.532
1796,114.322,22.532
1797,114.33,22.532
1798,114.338,22.532
1799,114.346,22.532
1800,113.874,22.528
1801,113.882,22.528
1802,113.89,22.528
1803,113.898,22.528
1804,113.906,22.528
1805,113.914,22.528
1806,113.922,22.528
1807,113.93,22.528
1808,113.938,22.528
1809,113.946,22.528
1810,113.954,22.528
1811,113.962,22.528
1812,113.97,22.528
1813,113.978,22.528
1814,113.986,22.528
1815,113.994,22.528
1816,114.002,22.528
1817,114.01,22.528
1818,114.018,22.528
1819,114.026,22.528
1820,114.034,22.528
1821,114.042,22.528
1822,114.05,22.528
1823,114.058,22.528
1824,114.066,22.528
1825,114.074,22.528
1826,114.082,22.528
1827,114.09,22.528
1828,114.098,22.528
1829,114.106,22.528
1830,114.114,22.528
1831,114.122,22.528
1832,114.13,22.528
1833,114.138,22.528
1834,114.146,22.528
1835,114.154,22.528
1836,114.162,22.528
1837,114.17,22.528
1838,114.178,22.528
1839,114.186,22.528
1840,114.194,22.528
1841,114.202,22.528
1842,114.21,22.528
1843,114.218,22.528
1844,114.226,22.528
1845,114.234,22.528
1846,114.242,22.528
1847,114.25,22.528
1848,114.258,22.528
1849,114.266,22.528
1850,114.274,22.528
1851,114.282,22.528
1852,114.29,22.528
1853,114.298,22.528
1854,114.306,22.528
1855,114.314,22.528
1856,114.322,22.528
1857,114.33,22.528
1858,114.338,22.528
1859,114.346,22.528
1860,113.874,22.524
1861,113.882,22.524
1862,113.89,22.524
1863,113.898,22.524
1864,113.906,22.524
1865,113.914,22.524
1866,113.922,22.524
1867,113.93,22.524
1868,113.938,22.524
1869,113.946,22.524
1870,113.954,22.524
1871,113.962,22.524
1872,113.97,22.524
1873,113.978,22.524
1874,113.986,22.524
1875,113.994,22.524
1876,114.002,22.524
1877,114.01,22.524
1878,114.018,22.524
1879,114.026,22.524
1880,114.034,22.524
1881,114.042,22.524
1882,114.05,22.524
1883,114.058,22.524
1884,114.066,22.524
1885,114.074,22.524
1886,114.082,22.524
1887,114.09,22.524
1888,114.098,22.524
1889,114.106,22.524
1890,114.114,22.524
1891,114.122,22.524
1892,114.13,22.524
1893,114.138,22.524
1894,114.146,22.524
1895,114.154,22.524
1896,114.162,22.524
1897,114.17,22.524
1898,114.178,22.524
1899,114.186,22.524
1900,114.194,22.524
1901,114.202,22.524
1902,114.21,22.524
1903,114.218,22.524
1904,114.226,22.524
1905,114.234,22.524
1906,114.242,22.524
1907,114.25,22.524
1908,114.258,22.524
1909,114.266,22.524
1910,114.274,22.524
1911,114.282,22.524
1912,114.29,22.524
1913,114.298,22.524
1914,114.306,22.524
1915,114.314,22.524
1916,114.322,22.524
1917,114.33,22.524
1918,114.338,22.524
1919,114.346,22.524
1920,113.874,22.52
1921,113.882,22.52
1922,113.89,22.52
1923,113.898,22.52
1924,113.906,22.52
1925,113.914,22.52
1926,113.922,22.52
1927,113.93,22.52
1928,113.938,22.52
1929,113.946,22.52
1930,113.954,22.52
1931,113.962,22.52
1932,113.97,22.52
1933,113.978,22.52
1934,113.986,22.52
1935,113.994,22.52
1936,114.002,22.52
1937,114.01,22.52
1938,114.018,22.52
1939,114.026,22.52
1940,114.034,22.52
1941,114.042,22.52
1942,114.05,22.52
1943,114.058,22.52
1944,114.066,22.52
1945,114.074,22.52
1946,114.082,22.52
1947,114.09,22.52
1948,114.098,22.52
1949,114.106,22.52
1950,114.114,22.52
1951,114.122,22.52
1952,114.13,22.52
1953,114.138,22.52
1954,114.146,22.52
1955,114.154,22.52
1956,114.162,22.52
1957,114.17,22.52
1958,114.178,22.52
1959,114.186,22.52
1960,114.194,22.52
1961,114.202,22.52
1962,114.21,22.52
1963,114.218,22.52
1964,114.226,22.52
1965,114.234,22.52
1966,114.242,22.52
1967,114.25,22.52
1968,114.258,22.52
1969,114.266,22.52
1970,114.274,22.52
1971,114.282,22.52
1972,114.29,22.52
1973,114.298,22.52
1974,114.306,22.52
1975,114.314,22.52
1976,114.322,22.52
1977,114.33,22.52
1978,114.338,22.52
1979,114.346,22.52
1980,113.874,22.516
1981,113.882,22.516
1982,113.89,22.516
1983,113.898,22.516
1984,113.906,22.516
1985,113.914,22.516
1986,113.922,22.516
1987,113.93,22.516
1988,113.938,22.516
1989,113.946,22.516
1990,113.954,22.516
1991,113.962,22.516
1992,113.97,22.516
1993,113.978,22.516
1994,113.986,22.516
1995,113.994,22.516
1996,114.002,22.516
1997,114.01,22.516
1998,114.018,22.516
1999,114.026,22.516
2000,114.034,22.516
2001,114.042,22.516
2002,114.05,22.516
2003,114.058,22.516
2004,114.066,22.516
2005,114.074,22.516
2006,114.082,22.516
2007,114.09,22.516
2008,114.098,22.516
2009,114.106,22.516
2010,114.114,22.516
2011,114.122,22.516
2012,114.13,22.516
2013,114.138,22.516
2014,114.146,22.516
2015,114.154,22.516
2016,114.162,22.516
2017,114.17,22.516
2018,114.178,22.516
2019,114.186,22.516
2020,114.194,22.516
2021,114.202,22.516
2022,114.21,22.516
2023,114.218,22.516
2024,114.226,22.516
2025,114.234,22.516
2026,114.242,22.516
2027,114.25,22.516
2028,114.258,22.516
2029,114.266,22.516
2030,114.274,22.516
2031,114.282,22.516
2032,114.29,22.516
2033,114.298,22.516
2034,114.306,22.516
2035,114.314,22.516
2036,114.322,22.516
2037,114.33,22.516
2038,114.338,22.516
2039,114.346,22.516
2040,113.874,22.512
2041,113.882,22.512
2042,113.89,22.512
2043,113.898,22.512
2044,113.906,22.512
2045,113.914,22.512
2046,113.922,22.512
2047,113.93,22.512
2048,113.938,22.512
2049,113.946,22.512
2050,113.954,22.512
2051,113.962,22.512
2052,113.97,22.512
2053,113.978,22.512
2054,113.986,22.512
2055,113.994,22.512
2056,114.002,22.512
2057,114.01,22.512
2058,114.018,22.512
2059,114.026,22.512
2060,114.034,22.512
2061,114.042,22.512
2062,114.05,22.512
2063,114.058,22.512
2064,114.066,22.512
2065,114.074,22.512
2066,114.082,22.512
2067,114.09,22.512
2068,114.098,22.512
2069,114.106,22.512
2070,114.114,22.512
2071,114.122,22.512
2072,114.13,22.512
2073,114.138,22.512
2074,114.146,22.512
2075,114.154,22.512
2076,114.162,22.512
2077,114.17,22.512
2078,114.178,22.512
2079,114.186,22.512
2080,114.194,22.512
2081,114.202,22.512
2082,114.21,22.512
2083,114.218,22.512
2084,114.226,22.512
2085,114.234,22.512
2086,114.242,22.512
2087,114.25,22.512
2088,114.258,22.512
2089,114.266,22.512
2090,114.274,22.512
2091,114.282,22.512
2092,114.29,22.512
2093,114.298,22.512
2094,114.306,22.512
2095,114.314,22.512
2096,114.322,22.512
2097,114.33,22.512
2098,114.338,22.512
2099,114.346,22.512
2100,113.874,22.508
2101,113.882,22.508
2102,113.89,22.508
2103,113.898,22.508
2104,113.906,22.508
2105,113.914,22.508
2106,113.922,22.508
2107,113.93,22.508
2108,113.938,22.508
2109,113.946,22.508
2110,113.954,22.508
2111,113.962,22.508
2112,113.97,22.508
2113,113.978,22.508
2114,113.986,22.508
2115,113.994,22.508
2116,114.002,22.508
2117,114.01,22.508
2118,114.018,22.508
2119,114.026,22.508
2120,114.034,22.508
2121,114.042,22.508
2122,114.05,22.508
2123,114.058,22.508
2124,114.066,22.508
2125,114.074,22.508
2126,114.082,22.508
2127,114.09,22.508
2128,114.098,22.508
2129,114.106,22.508
2130,114.114,22.508
2131,114.122,22.508
2132,114.13,22.508
2133,114.138,22.508
2134,114.146,22.508
2135,114.154,22.508
2136,114.162,22.508
2137,114.17,22.508
2138,114.178,22.508
2139,114.186,22.508
2140,114.194,22.508
2141,114.202,22.508
2142,114.21,22.508
2143,114.218,22.508
2144,114.226,22.508
2145,114.234,22.508
2146,114.242,22.508
2147,114.25,22.508
2148,114.258,22.508
2149,114.266,22.508
2150,114.274,22.508
2151,114.282,22.508
2152,114.29,22.508
2153,114.298,22.508
2154,114.306,22.508
2155,114.314,22.508
2156,114.322,22.508
2157,114.33,22.508
2158,114.338,22.508
2159,114.346,22.508
2160,113.874,22.504
2161,113.882,22.504
2162,113.89,22.504
2163,113.898,22.504
2164,113.906,22.504
2165,113.914,22.504
2166,113.922,22.504
2167,113.93,22.504
2168,113.938,22.504
2169,113.946,22.504
2170,113.954,22.504
2171,113.962,22.504
2172,113.97,22.504
2173,113.978,22.504
2174,113.986,22.504
2175,113.994,22.504
2176,114.002,22.504
2177,114.01,22.504
2178,114.018,22.504
2179,114.026,22.504
2180,114.034,22.504
2181,114.042,22.504
2182,114.05,22.504
2183,114.058,22.504
2184,114.066,22.504
2185,114.074,22.504
2186,114.082,22.504
2187,114.09,22.504
2188,114.098,22.504
2189,114.106,22.504
2190,114.114,22.504
2191,114.122,22.504
2192,114.13,22.504
2193,114.138,22.504
2194,114.146,22.504
2195,114.154,22.504
2196,114.162,22.504
2197,114.17,22.504
2198,114.178,22.504
2199,114.186,22.504
2200,114.194,22.504
2201,114.202,22.504
2202,114.21,22.504
2203,114.218,22.504
2204,114.226,22.504
2205,114.234,22.504
2206,114.242,22.504
2207,114.25,22.504
2208,114.258,22.504
2209,114.266,22.504
2210,114.274,22.504
2211,114.282,22.504
2212,114.29,22.504
2213,114.298,22.504
2214,114.306,22.504
2215,114.314,22.504
2216,114.322,22.504
2217,114.33,22.504
2218,114.338,22.504
2219,114.346,22.504
2220,113.874,22.5
2221,113.882,22.5
2222,113.89,22.5
2223,113.898,22.5
2224,113.906,22.5
2225,113.914,22.5
2226,113.922,22.5
2227,113.93,22.5
2228,113.938,22.5
2229,113.946,22.5
2230,113.954,22.5
2231,113.962,22.5
2232,113.97,22.5
2233,113.978,22.5
2234,113.986,22.5
2235,113.994,22.5
2236,114.002,22.5
2237,114.01,22.5
2238,114.018,22.5
2239,114.026,22.5
2240,114.034,22.5
2241,114.042,22.5
2242,114.05,22.5
2243,114.058,22.5
2244,114.066,22.5
2245,114.074,22.5
2246,114.082,22.5
2247,114.09,22.5
2248,114.098,22.5
2249,114.106,22.5
2250,114.114,22.5
2251,114.122,22.5
2252,114.13,22.5
2253,114.138,22.5
2254,114.146,22.5
2255,114.154,22.5
2256,114.162,22.5
2257,114.17,22.5
2258,114.178,22.5
2259,114.186,22.5
2260,114.194,22.5
2261,114.202,22.5
2262,114.21,22.5
2263,114.218,22.5
2264,114.226,22.5
2265,114.234,22.5
2266,114.242,22.5
2267,114.25,22.5
2268,114.258,22.5
2269,114.266,22.5
2270,114.274,22.5
2271,114.282,22.5
2272,114.29,22.5
2273,114.298,22.5
2274,114.306,22.5
2275,114.314,22.5
2276,114.322,22.5
2277,114.33,22.5
2278,114.338,22.5
2279,114.346,22.5
2280,113.874,22.496
2281,113.882,22.496
2282,113.89,22.496
2283,113.898,22.496
2284,113.906,22.496
2285,113.914,22.496
2286,113.922,22.496
2287,113.93,22.496
2288,113.938,22.496
2289,113.946,22.496
2290,113.954,22.496
2291,113.962,22.496
2292,113.97,22.496
2293,113.978,22.496
2294,113.986,22.496
2295,113.994,22.496
2296,114.002,22.496
2297,114.01,22.496
2298,114.018,22.496
2299,114.026,22.496
2300,114.034,22.496
2301,114.042,22.496
2302,114.05,22.496
2303,114.058,22.496
2304,114.066,22.496
2305,114.074,22.496
2306,114.082,22.496
2307,114.09,22.496
2308,114.098,22.496
2309,114.106,22.496
2310,114.114,22.496
2311,114.122,22.496
2312,114.13,22.496
2313,114.138,22.496
2314,114.146,22.496
2315,114.154,22.496
2316,114.162,22.496
2317,114.17,22.496
2318,114.178,22.496
2319,114.186,22.496
2320,114.194,22.496
2321,114.202,22.496
2322,114.21,22.496
2323,114.218,22.496
2324,114.226,22.496
2325,114.234,22.496
2326,114.242,22.496
2327,114.25,22.496
2328,114.258,22.496
2329,114.266,22.496
2330,114.274,22.496
2331,114.282,22.496
2332,114.29,22.496
2333,114.298,22.496
2334,114.306,22.496
2335,114.314,22.496
2336,114.322,22.496
2337,114.33,22.496
2338,114.338,22.496
2339,114.346,22.496
2340,113.874,22.492
2341,113.882,22.492
2342,113.89,22.492
2343,113.898,22.492
2344,113.906,22.492
2345,113.914,22.492
2346,113.922,22.492
2347,113.93,22.492
2348,113.938,22.492
2349,113.946,22.492
2350,113.954,22.492
2351,113.962,22.492
2352,113.97,22.492
2353,113.978,22.492
2354,113.986,22.492
2355,113.994,22.492
2356,114.002,22.492
2357,114.01,22.492
2358,114.018,22.492
2359,114.026,22.492
2360,114.034,22.492
2361,114.042,22.492
2362,114.05,22.492
2363,114.058,22.492
2364,114.066,22.492
2365,114.074,22.492
2366,114.082,22.492
2367,114.09,22.492
2368,114.098,22.492
2369,114.106,22.492
2370,114.114,22.492
2371,114.122,22.492
2372,114.13,22.492
2373,114.138,22.492
2374,114.146,22.492
2375,114.154,22.492
2376,114.162,22.492
2377,114.17,22.492
2378,114.178,22.492
2379,114.186,22.492
2380,114.194,22.492
2381,114.202,22.492
2382,114.21,22.492
2383,114.218,22.492
2384,114.226,22.492
2385,114.234,22.492
2386,114.242,22.492
2387,114.25,22.492
2388,114.258,22.492
2389,114.266,22.492
2390,114.274,22.492
2391,114.282,22.492
2392,114.29,22.492
2393,114.298,22.492
2394,114.306,22.492
2395,114.314,22.492
2396,114.322,22.492
2397,114.33,22.492
2398,114.338,22.492
2399,114.346,22.492
2400,113.874,22.488
2401,113.882,22.488
2402,113.89,22.488
2403,113.898,22.488
2404,113.906,22.488
2405,113.914,22.488
2406,113.922,22.488
2407,113.93,22.488
2408,113.938,22.488
2409,113.946,22.488
2410,113.954,22.488
2411,113.962,22.488
2412,113.97,22.488
2413,113.978,22.488
2414,113.986,22.488
2415,113.994,22.488
2416,114.002,22.488
2417,114.01,22.488
2418,114.018,22.488
2419,114.026,22.488
2420,114.034,22.488
2421,114.042,22.488
2422,114.05,22.488
2423,114.058,22.488
2424,114.066,22.488
2425,114.074,22.488
2426,114.082,22.488
2427,114.09,22.488
2428,114.098,22.488
2429,114.106,22.488
2430,114.114,22.488
2431,114.122,22.488
2432,114.13,22.488
2433,114.138,22.488
2434,114.146,22.488
2435,114.154,22.488
2436,114.162,22.488
2437,114.17,22.488
2438,114.178,22.488
2439,114.186,22.488
2440,114.194,22.488
2441,114.202,22.488
2442,114.21,22.488
2443,114.218,22.488
2444,114.226,22.488
2445,114.234,22.488
2446,114.242,22.488
2447,114.25,22.488
2448,114.258,22.488
2449,114.266,22.488
2450,114.274,22.488
2451,114.282,22.488
2452,114.29,22.488
2453,114.298,22.488
2454,114.306,22.488
2455,114.314,22.488
2456,114.322,22.488
2457,114.33,22.488
2458,114.338,22.488
2459,114.346,22.488
2460,113.874,22.484
2461,113.882,22.484
2462,113.89,22.484
2463,113.898,22.484
2464,113.906,22.484
2465,113.914,22.484
2466,113.922,22.484
2467,113.93,22.484
2468,113.938,22.484
2469,113.946,22.484
2470,113.954,22.484
2471,113.962,22.484
2472,113.97,22.484
2473,113.978,22.484
2474,113.986,22.484
2475,113.994,22.484
2476,114.002,22.484
2477,114.01,22.484
2478,114.018,22.484
2479,114.026,22.484
2480,114.034,22.484
2481,114.042,22.484
2482,114.05,22.484
2483,114.058,22.484
2484,114.066,22.484
2485,114.074,22.484
2486,114.082,22.484
2487,114.09,22.484
2488,114.098,22.484
2489,114.106,22.484
2490,114.114,22.484
2491,114.122,22.484
2492,114.13,22.484
2493,114.138,22.484
2494,114.146,22.484
2495,114.154,22.484
2496,114.162,22.484
2497,114.17,22.484
2498,114.178,22.484
2499,114.186,22.484
2500,114.194,22.484
2501,114.202,22.484
2502,114.21,22.484
2503,114.218,22.484
2504,114.226,22.484
2505,114.234,22.484
2506,114.242,22.484
2507,114.25,22.484
2508,114.258,22.484
2509,114.266,22.484
2510,114.274,22.484
2511,114.282,22.484
2512,114.29,22.484
2513,114.298,22.484
2514,114.306,22.484
2515,114.314,22.484
2516,114.322,22.484
2517,114.33,22.484
2518,114.338,22.484
2519,114.346,22.484
2520,113.874,22.48
2521,113.882,22.48
2522,113.89,22.48
2523,113.898,22.48
2524,113.906,22.48
2525,113.914,22.48
2526,113.922,22.48
2527,113.93,22.48
2528,113.938,22.48
2529,113.946,22.48
2530,113.954,22.48
2531,113.962,22.48
2532,113.97,22.48
2533,113.978,22.48
2534,113.986,22.48
2535,113.994,22.48
2536,114.002,22.48
2537,114.01,22.48
2538,114.018,22.48
2539,114.026,22.48
2540,114.034,22.48
2541,114.042,22.48
2542,114.05,22.48
2543,114.058,22.48
2544,114.066,22.48
2545,114.074,22.48
2546,114.082,22.48
2547,114.09,22.48
2548,114.098,22.48
2549,114.106,22.48
2550,114.114,22.48
2551,114.122,22.48
2552,114.13,22.48
2553,114.138,22.48
2554,114.146,22.48
2555,114.154,22.48
2556,114.162,22.48
2557,114.17,22.48
2558,114.178,22.48
2559,114.186,22.48
2560,114.194,22.48
2561,114.202,22.48
2562,114.21,22.48
2563,114.218,22.48
2564,114.226,22.48
2565,114.234,22.48
2566,114.242,22.48
2567,114.25,22.48
2568,114.258,22.48
2569,114.266,22.48
2570,114.274,22.48
2571,114.282,22.48
2572,114.29,22.48
2573,114.298,22.48
2574,114.306,22.48
2575,114.314,22.48
2576,114.322,22.48
2577,114.33,22.48
2578,114.338,22.48
2579,114.346,22.48
2580,113.874,22.476
2581,113.882,22.476
2582,113.89,22.476
2583,113.898,22.476
2584,113.906,22.476
2585,113.914,22.476
2586,113.922,22.476
2587,113.93,22.476
2588,113.938,22.476
2589,113.946,22.476
2590,113.954,22.476
2591,113.962,22.476
2592,113.97,22.476
2593,113.978,22.476
2594,113.986,22.476
2595,113.994,22.476
2596,114.002,22.476
2597,114.01,22.476
2598,114.018,22.476
2599,114.026,22.476
2600,114.034,22.476
2601,114.042,22.476
2602,114.05,22.476
2603,114.058,22.476
2604,114.066,22.476
2605,114.074,22.476
2606,114.082,22.476
2607,114.09,22.476
2608,114.098,22.476
2609,114.106,22.476
2610,114.114,22.476
2611,114.122,22.476
2612,114.13,22.476
2613,114.138,22.476
2614,114.146,22.476
2615,114.154,22.476
2616,114.162,22.476
2617,114.17,22.476
2618,114.178,22.476
2619,114.186,22.476
2620,114.194,22.476
2621,114.202,22.476
2622,114.21,22.476
2623,114.218,22.476
2624,114.226,22.476
2625,114.234,22.476
2626,114.242,22.476
2627,114.25,22.476
2628,114.258,22.476
2629,114.266,22.476
2630,114.274,22.476
2631,114.282,22.476
2632,114.29,22.476
2633,114.298,22.476
2634,114.306,22.476
2635,114.314,22.476
2636,114.322,22.476
2637,114.33,22.476
2638,114.338,22.476
2639,114.346,22.476
2640,113.874,22.472
2641,113.882,22.472
2642,113.89,22.472
2643,113.898,22.472
2644,113.906,22.472
2645,113.914,22.472
2646,113.922,22.472
2647,113.93,22.472
2648,113.938,22.472
2649,113.946,22.472
2650,113.954,22.472
2651,113.962,22.472
2652,113.97,22.472
2653,113.978,22.472
2654,113.986,22.472
2655,113.994,22.472
2656,114.002,22.472
2657,114.01,22.472
2658,114.018,22.472
2659,114.026,22.472
2660,114.034,22.472
2661,114.042,22.472
2662,114.05,22.472
2663,114.058,22.472
2664,114.066,22.472
2665,114.074,22.472
2666,114.082,22.472
2667,114.09,22.472
2668,114.098,22.472
2669,114.106,22.472
2670,114.114,22.472
2671,114.122,22.472
2672,114.13,22.472
2673,114.138,22.472
2674,114.146,22.472
2675,114.154,22.472
2676,114.162,22.472
2677,114.17,22.472
2678,114.178,22.472
2679,114.186,22.472
2680,114.194,22.472
2681,114.202,22.472
2682,114.21,22.472
2683,114.218,22.472
2684,114.226,22.472
2685,114.234,22.472
2686,114.242,22.472
2687,114.25,22.472
2688,114.258,22.472
2689,114.266,22.472
2690,114.274,22.472
2691,114.282,22.472
2692,114.29,22.472
2693,114.298,22.472
2694,114.306,22.472
2695,114.314,22.472
2696,114.322,22.472
2697,114.33,22.472
2698,114.338,22.472
2699,114.346,22.472
2700,113.874,22.468
2701,113.882,22.468
2702,113.89,22.468
2703,113.898,22.468
2704,113.906,22.468
2705,113.914,22.468
2706,113.922,22.468
2707,113.93,22.468
2708,113.938,22.468
2709,113.946,22.468
2710,113.954,22.468
2711,113.962,22.468
2712,113.97,22.468
2713,113.978,22.468
2714,113.986,22.468
2715,113.994,22.468
2716,114.002,22.468
2717,114.01,22.468
2718,114.018,22.468
2719,114.026,22.468
2720,114.034,22.468
2721,114.042,22.468
2722,114.05,22.468
2723,114.058,22.468
2724,114.066,22.468
2725,114.074,22.468
2726,114.082,22.468
2727,114.09,22.468
2728,114.098,22.468
2729,114.106,22.468
2730,114.114,22.468
2731,114.122,22.468
2732,114.13,22.468
2733,114.138,22.468
2734,114.146,22.468
2735,114.154,22.468
2736,114.162,22.468
2737,114.17,22.468
2738,114.178,22.468
2739,114.186,22.468
2740,114.194,22.468
2741,114.202,22.468
2742,114.21,22.468
2743,114.218,22.468
2744,114.226,22.468
2745,114.234,22.468
2746,114.242,22.468
2747,114.25,22.468
2748,114.258,22.468
2749,114.266,22.468
2750,114.274,22.468
2751,114.282,22.468
2752,114.29,22.468
2753,114.298,22.468
2754,114.306,22.468
2755,114.314,22.468
2756,114.322,22.468
2757,114.33,22.468
2758,114.338,22.468
2759,114.346,22.468
2760,113.874,22.464
2761,113.882,22.464
2762,113.89,22.464
2763,113.898,22.464
2764,113.906,22.464
2765,113.914,22.464
2766,113.922,22.464
2767,113.93,22.464
2768,113.938,22.464
2769,113.946,22.464
2770,113.954,22.464
2771,113.962,22.464
2772,113.97,22.464
2773,113.978,22.464
2774,113.986,22.464
2775,113.994,22.464
2776,114.002,22.464
2777,114.01,22.464
2778,114.018,22.464
2779,114.026,22.464
2780,114.034,22.464
2781,114.042,22.464
2782,114.05,22.464
2783,114.058,22.464
2784,114.066,22.464
2785,114.074,22.464
2786,114.082,22.464
2787,114.09,22.464
2788,114.098,22.464
2789,114.106,22.464
2790,114.114,22.464
2791,114.122,22.464
2792,114.13,22.464
2793,114.138,22.464
2794,114.146,22.464
2795,114.154,22.464
2796,114.162,22.464
2797,114.17,22.464
2798,114.178,22.464
2799,114.186,22.464
2800,114.194,22.464
2801,114.202,22.464
2802,114.21,22.464
2803,114.218,22.464
2804,114.226,22.464
2805,114.234,22.464
2806,114.242,22.464
2807,114.25,22.464
2808,114.258,22.464
2809,114.266,22.464
2810,114.274,22.464
2811,114.282,22.464
2812,114.29,22.464
2813,114.298,22.464
2814,114.306,22.464
2815,114.314,22.464
2816,114.322,22.464
2817,114.33,22.464
2818,114.338,22.464
2819,114.346,22.464
2820,113.874,22.46
2821,113.882,22.46
2822,113.89,22.46
2823,113.898,22.46
2824,113.906,22.46
2825,113.914,22.46
2826,113.922,22.46
2827,113.93,22.46
2828,113.938,22.46
2829,113.946,22.46
2830,113.954,22.46
2831,113.962,22.46
2832,113.97,22.46
2833,113.978,22.46
2834,113.986,22.46
2835,113.994,22.46
2836,114.002,22.46
2837,114.01,22.46
2838,114.018,22.46
2839,114.026,22.46
2840,114.034,22.46
2841,114.042,22.46
2842,114.05,22.46
2843,114.058,22.46
2844,114.066,22.46
2845,114.074,22.46
2846,114.082,22.46
2847,114.09,22.46
2848,114.098,22.46
2849,114.106,22.46
2850,114.114,22.46
2851,114.122,22.46
2852,114.13,22.46
2853,114.138,22.46
2854,114.146,22.46
2855,114.154,22.46
2856,114.162,22.46
2857,114.17,22.46
2858,114.178,22.46
2859,114.186,22.46
2860,114.194,22.46
2861,114.202,22.46
2862,114.21,22.46
2863,114.218,22.46
2864,114.226,22.46
2865,114.234,22.46
2866,114.242,22.46
2867,114.25,22.46
2868,114.258,22.46
2869,114.266,22.46
2870,114.274,22.46
2871,114.282,22.46
2872,114.29,22.46
2873,114.298,22.46
2874,114.306,22.46
2875,114.314,22.46
2876,114.322,22.46
2877,114.33,22.46
2878,114.338,22.46
2879,114.346,22.46
2880,113.874,22.456
2881,113.882,22.456
2882,113.89,22.456
2883,113.898,22.456
2884,113.906,22.456
2885,113.914,22.456
2886,113.922,22.456
2887,113.93,22.456
2888,113.938,22.456
2889,113.946,22.456
2890,113.954,22.456
2891,113.962,22.456
2892,113.97,22.456
2893,113.978,22.456
2894,113.986,22.456
2895,113.994,22.456
2896,114.002,22.456
2897,114.01,22.456
2898,114.018,22.456
2899,114.026,22.456
2900,114.034,22.456
2901,114.042,22.456
2902,114.05,22.456
2903,114.058,22.456
2904,114.066,22.456
2905,114.074,22.456
2906,114.082,22.456
2907,114.09,22.456
2908,114.098,22.456
2909,114.106,22.456
2910,114.114,22.456
2911,114.122,22.456
2912,114.13,22.456
2913,114.138,22.456
2914,114.146,22.456
2915,114.154,22.456
2916,114.162,22.456
2917,114.17,22.456
2918,114.178,22.456
2919,114.186,22.456
2920,114.194,22.456
2921,114.202,22.456
2922,114.21,22.456
2923,114.218,22.456
2924,114.226,22.456
2925,114.234,22.456
2926,114.242,22.456
2927,114.25,22.456
2928,114.258,22.456
2929,114.266,22.456
2930,114.274,22.456
2931,114.282,22.456
2932,114.29,22.456
2933,114.298,22.456
2934,114.306,22.456
2935,114.314,22.456
2936,114.322,22.456
2937,114.33,22.456
2938,114.338,22.456
2939,114.346,22.456
2940,113.874,22.452
2941,113.882,22.452
2942,113.89,22.452
2943,113.898,22.452
2944,113.906,22.452
2945,113.914,22.452
2946,113.922,22.452
2947,113.93,22.452
2948,113.938,22.452
2949,113.946,22.452
2950,113.954,22.452
2951,113.962,22.452
2952,113.97,22.452
2953,113.978,22.452
2954,113.986,22.452
2955,113.994,22.452
2956,114.002,22.452
2957,114.01,22.452
2958,114.018,22.452
2959,114.026,22.452
2960,114.034,22.452
2961,114.042,22.452
2962,114.05,22.452
2963,114.058,22.452
2964,114.066,22.452
2965,114.074,22.452
2966,114.082,22.452
2967,114.09,22.452
2968,114.098,22.452
2969,114.106,22.452
2970,114.114,22.452
2971,114.122,22.452
2972,114.13,22.452
2973,114.138,22.452
2974,114.146,22.452
2975,114.154,22.452
2976,114.162,22.452
2977,114.17,22.452
2978,114.178,22.452
2979,114.186,22.452
2980,114.194,22.452
2981,114.202,22.452
2982,114.21,22.452
2983,114.218,22.452
2984,114.226,22.452
2985,114.234,22.452
2986,114.242,22.452
2987,114.25,22.452
2988,114.258,22.452
2989,114.266,22.452
2990,114.274,22.452
2991,114.282,22.452
2992,114.29,22.452
2993,114.298,22.452
2994,114.306,22.452
2995,114.314,22.452
2996,114.322,22.452
2997,114.33,22.452
2998,114.338,22.452
2999,114.346,22.452
